strain	date	clade_membership	country	region	age	age_range1	age_range2	age_range3	collab_country	date_added	symptom	author	accession	url
14ISO0020050	2014-10-17	A2	France	Europe	0.19	<1y	<18y	<18y				Bal, A. et al.	MK105978	
US/KY/14-18953	2014-08-01 (2014-08-01 - 2014-08-28)	A2	USA	North America						2019-07-15		Brown,B.A., Nix,W.A., Sheth,M., Frace,M. and Oberste,M.S.	KM851231	
14ISO0120062	2014-11-18	A2	France	Europe	53.94	18-64y	18-64y	>=18y				Bal, A. et al.	MK105979	
14ISO0043	2014-10-22	A2	France	Europe	5.62	1-5y	<18y	<18y				Bal, A. et al.	MK105976	
14ISO18022	2014-12-02	A2	France	Europe	69.46	>=65y	>=65y	>=18y				Bal, A. et al.	MK105977	
CHN/CQ5508/2013	2013-10-05	A2	China	China	0.08	<1y	<18y	<18y		2019-07-15		Xiao,Q., Ren,L., Zheng,S., Wang,L., Xie,X., Deng,Y., Zhao,Y., Zhao,X., Luo,Z., Fu,Z., Huang,A. and Liu,E.	KT803588	
V13-2245157	2013-05-21	A2	Hong Kong	China	94	>=65y	>=65y	>=18y		2019-07-15		Yip,C.C.Y., Lo,J.Y.C., Sridhar,S., Lung,D.C., Luk,S., Chan,K.H., Chan,J.F.W., Cheng,V.C.C., Woo,P.C.Y., Yuen,K.Y. and Lau,S.K.P.	KY767821	
2013-1017-26	2013-10-17	A2	China	China	10	6-17y	<18y	<18y		2019-07-15		Zhang,T.	KT280501	
2013-0825-6	2013-08-25	A2	China	China	6	6-17y	<18y	<18y		2019-07-15		Zhang,T.	KT280502	
CQ5313	2013-08-22	A2	China	China						2019-07-15		Lu,Q.-B. and Liu,W.	KT764078	
CAN14-314	2014-01-01 (2014-01-01 - 2014-06-15)	A1	Canada	North America						2019-07-15		McDermid,A.K., Grudeski,E., Wilcox,M., Mandes,R. and Booth,T.F.	KP455258	
20692_52_EV-D68	2015-04-18	A1	Kenya	Africa								Agoti, C., Phan, M., et al	MK989725	
EVD68_SWE_007_140908_NFLG	2014-09-08	A1	Sweden	Europe	5	1-5y	<18y	<18y	Karolinska Sweden	2018-07-07		Dyrdak, R. et al.	MH674114	
20692_43_EV-D68	2015-03-12	A1	Kenya	Africa								Agoti, C., Phan, M., et al	MK989724	
20692_25_EV-D68	2015-07-18	A1	Kenya	Africa								Agoti, C., Phan, M., et al	MK989723	
20692_88_EV-D68	2015-02-21	A1	Kenya	Africa								Agoti, C., Phan, M., et al	MK989726	
CA/RESP/10-786	2013-01-01 (2013-01-01 - 2013-03-06)	A1	USA	North America						2019-07-15		Chiu,C.Y., Yu,G., Naccache,S.N., Clayton,A., Yagi,S. and Glaser,C.	KM892500	
705-OsakaCity-JPN-2013	2013-09-30	A1	Japan	Japan Korea	0.33	<1y	<18y	<18y		2019-07-15		Kaida,A., Yamamoto,S.P., Iritani,N., Togawa,M., Amo,K., Kohdera,U., Nishigaki,T., Kageyama,T. and Kubo,H.	LC068709	
692-OsakaCity-JPN-2013	2013-09-24	A1	Japan	Japan Korea	0.75	<1y	<18y	<18y		2019-07-15	AFM	Kaida,A., Yamamoto,S.P., Iritani,N., Togawa,M., Amo,K., Kohdera,U., Nishigaki,T., Kageyama,T. and Kubo,H.	LC068708	
726-OsakaCity-JPN-2013	2013-10-08	A1	Japan	Japan Korea	2	1-5y	<18y	<18y		2019-07-15		Kaida,A., Yamamoto,S.P., Iritani,N., Togawa,M., Amo,K., Kohdera,U., Nishigaki,T., Kageyama,T. and Kubo,H.	LC068710	
727-OsakaCity-JPN-2013	2013-10-04	A1	Japan	Japan Korea	6	6-17y	<18y	<18y		2019-07-15		Kaida,A., Yamamoto,S.P., Iritani,N., Togawa,M., Amo,K., Kohdera,U., Nishigaki,T., Kageyama,T. and Kubo,H.	LC068711	
CAN14-344	2014-11-27 (2014-09-26 - 2014-12-31)	B2	Canada	North America						2019-07-15		McDermid,A.K., Grudeski,E., Wilcox,M., Mandes,R. and Booth,T.F.	KP455284	
CAN14-683	2014-09-16 (2014-07-22 - 2014-11-20)	B2	Canada	North America						2019-07-15		McDermid,A.K., Grudeski,E., Wilcox,M., Mandes,R. and Booth,T.F.	KP455283	
CAN14-183	2014-11-01 (2014-09-11 - 2014-12-29)	B2	Canada	North America						2019-07-15		McDermid,A.K., Grudeski,E., Wilcox,M., Mandes,R. and Booth,T.F.	KP455281	
EV-D68/Homosapiens/USA/SSENT32/2014	2014-09-24	B2	USA	North America	6	6-17y	<18y	<18y				Das,S.R., Halpin,R.A., Lin,X., Akopov,A., Fedorova,N., Puri,V., Stockwell,T., Amedeo,P., Katzel,D., Schobel,S., Shrivastava,S. and Smole,S.	KX351807	
CAN14-547	2014-10-08 (2014-08-25 - 2014-12-05)	B2	Canada	North America						2019-07-15		McDermid,A.K., Grudeski,E., Wilcox,M., Mandes,R. and Booth,T.F.	KP455282	
EV-D68/Homosapiens/USA/SSENT30/2014	2014-09-23	B2	USA	North America	5	1-5y	<18y	<18y				Das,S.R., Halpin,R.A., Lin,X., Akopov,A., Fedorova,N., Puri,V., Stockwell,T., Amedeo,P., Katzel,D., Schobel,S., Shrivastava,S. and Smole,S.	KX351799	
CAN14-459	2014-04-11 (2014-01-01 - 2014-12-31)	B2	Canada	North America						2019-07-15		McDermid,A.K., Grudeski,E., Wilcox,M., Mandes,R. and Booth,T.F.	KP455286	
EV-D68/Homosapiens/USA/SSENT20/2014	2014-09-17	B2	USA	North America	4	1-5y	<18y	<18y				Das,S.R., Halpin,R.A., Lin,X., Akopov,A., Fedorova,N., Puri,V., Stockwell,T., Amedeo,P., Katzel,D., Schobel,S., Shrivastava,S. and Smole,S.	KX351818	
NYS14_32132	2014-12-18 (2014-10-11 - 2014-12-31)	B2	USA	North America						2019-07-15		Lamson,D.M., Fagan,S. and St. George,K.	KT455429	
USA/PA/2014-19035	2014-09-02	B2	USA	North America						2019-07-15		Ng,T.F.F., Montmayeur,A., Chern,S.-W., Maher,K., Rogers,S., Castro,C., Oberste,S. and Nix,A.	KT995537	
US/CA/14-4231	2014-12-31 (2014-11-17 - 2014-12-31)	B2	USA	North America						2019-07-15		Hixon,A., Yu,G., Tyler,K. and Chiu,C.Y.	KU844181	
NY73	2014-09-25	B2	USA	North America	3	1-5y	<18y	<18y		2019-07-15		Huang,W., Wang,G., Zhuge,J., Nolan,S.M., Dimitrova,N. and Fallon,J.T.	KP745768	
NY74	2014-09-25	B2	USA	North America	4	1-5y	<18y	<18y		2019-07-15		Huang,W., Wang,G., Zhuge,J., Nolan,S.M., Dimitrova,N. and Fallon,J.T.	KP745769	
NYS14_28173	2014-10-05 (2014-09-09 - 2014-11-21)	B2	USA	North America						2019-07-15		Lamson,D.M., Fagan,S. and St. George,K.	KT455422	
US/IL/14-18952	2014-08-01 (2014-08-01 - 2014-08-26)	B2	USA	North America						2019-07-15		Brown,B.A., Nix,W.A., Sheth,M., Frace,M. and Oberste,M.S.	KM851230	
US/KY/14-18951	2014-08-31 (2014-08-08 - 2014-08-31)	B2	USA	North America						2019-07-15		Brown,B.A., Nix,W.A., Sheth,M., Frace,M. and Oberste,M.S.	KM851229	
USA/ID/2014-19068	2014-09-08	B2	USA	North America						2019-07-15		Ng,T.F.F., Montmayeur,A., Chern,S.-W., Maher,K., Rogers,S., Castro,C., Oberste,S. and Nix,A.	KT995555	
USA/CO/2014-19030	2014-08-31	B2	USA	North America						2019-07-15		Ng,T.F.F., Montmayeur,A., Chern,S.-W., Maher,K., Rogers,S., Castro,C., Oberste,S. and Nix,A.	KU669048	
USA/ID/2014-19224	2014-09-04 (2014-07-14 - 2014-11-26)	B2	USA	North America						2019-07-15		Ng,T.F.F., Montmayeur,A., Chern,S.-W., Maher,K., Rogers,S., Castro,C., Oberste,S. and Nix,A.	KT995588	
USA/UT/2014-19195	2014-08-18	B2	USA	North America						2019-07-15		Ng,T.F.F., Montmayeur,A., Chern,S.-W., Maher,K., Rogers,S., Castro,C., Oberste,S. and Nix,A.	KT995561	
USA/OR/2014-19269	2014-12-29	B2	USA	North America						2019-07-15		Ng,T.F.F., Montmayeur,A., Chern,S.-W., Maher,K., Rogers,S., Castro,C., Oberste,S. and Nix,A.	KU669039	
USA/WY/2014-19051	2014-09-11	B2	USA	North America						2019-07-15		Ng,T.F.F., Montmayeur,A., Chern,S.-W., Maher,K., Rogers,S., Castro,C., Oberste,S. and Nix,A.	KT995601	
EV68_Alberta17789_2014	2014-09-02	B2	Canada	North America						2019-07-15		Pabbaraju,K., Wong,S., Zarra,D., Gill,K., Drews,S., Tipples,G. and Tellier,R.	KP114665	
CAN14-235	2014-09-02 (2014-08-18 - 2014-10-07)	B2	Canada	North America						2019-07-15		McDermid,A.K., Grudeski,E., Wilcox,M., Mandes,R. and Booth,T.F.	KP455285	
TBp-13-Ph440	2013-12-31 (2013-12-05 - 2013-12-31)	B3	Philippines	Southeast Asia						2019-07-15		Chaimongkol,N., Okamoto,M., Furuse,Y., Nishimura,H. and Oshitani,H.	KX789261	
EVD68/Homosapiens/VNM/VN2/2014	2014-06-20 (2014-01-01 - 2014-12-31)	B3	Vietnam	Southeast Asia			<18y	<18y		2019-07-15		Nguyen,N.N.	MF045414	
EVD68/Homosapiens/VNM/VN1/2014	2014-05-08 (2014-01-01 - 2014-12-31)	B3	Vietnam	Southeast Asia			<18y	<18y		2019-07-15		Nguyen,N.N.	MF045413	
EVD68/Homosapiens/VNM/VN6/2014	2014-04-08 (2014-01-01 - 2014-12-31)	B3	Vietnam	Southeast Asia			<18y	<18y		2019-07-15		Nguyen,N.N.	MF045418	
EVD68/Homosapiens/VNM/VN4/2014	2014-06-08 (2014-01-01 - 2014-12-31)	B3	Vietnam	Southeast Asia			<18y	<18y		2019-07-15		Nguyen,N.N.	MF045416	
2014-R1357	2014-11-19	B3	China	China	8	6-17y	<18y	<18y		2019-07-15		Zhang,T.	KT280496	
Beijing-R0132	2014-08-11	B3	China	China	5	1-5y	<18y	<18y		2019-07-15		Zhang,T.	KP240936	
BCH4235A	2014-08-11	B3	China	China			<18y	<18y		2019-07-15		Xiang,Z. and Wang,J.	KT285485	
TW-02512-2014	2014-08-12	B3	Taiwan	China	3	1-5y	<18y	<18y		2019-07-15		Gong,Y.N., Yang,S.L., Shih,S.R., Huang,Y.C., Chang,P.Y., Huang,C.G., Kao,K.C., Hu,H.C., Liu,Y.C. and Tsao,K.C.	KT711086	
A184-OsakaC-JPN-2015	2015-07-27	B3	Japan	Japan Korea	0.17	<1y	<18y	<18y		2019-07-15		Kaida,A., Iritani,N., Yamamoto,S.P., Kanbayashi,D., Togawa,M., Amo,K., Kohdera,U., Nishigaki,T., Kageyama,T. and Kubo,H.	LC107897	
594-OsakaC-JPN-2015	2015-08-15	B3	Japan	Japan Korea	4.08	1-5y	<18y	<18y		2019-07-15		Kaida,A., Iritani,N., Yamamoto,S.P., Kanbayashi,D., Togawa,M., Amo,K., Kohdera,U., Nishigaki,T., Kageyama,T. and Kubo,H.	LC107895	
SMC-15-Sendai876	2015-09-30 (2015-09-05 - 2015-09-30)	B3	Japan	Japan Korea						2019-07-15		Chaimongkol,N., Okamoto,M., Furuse,Y., Nishimura,H. and Oshitani,H.	KX789266	
2014-R0672	2014-09-20	B3	China	China	10	6-17y	<18y	<18y		2019-07-15		Zhang,T.	KT280500	
CHN/CQ7188/2014	2014-09-11	B3	China	China	2.33	1-5y	<18y	<18y		2019-07-15		Xiao,Q., Zheng,S., Wang,L., Ren,L. and Liu,E.	KT803592	
EVD68/Homosapiens/VNM/VN3/2014	2014-07-11 (2014-01-01 - 2014-12-31)	B3	Vietnam	Southeast Asia			<18y	<18y		2019-07-15		Nguyen,N.N.	MF045415	
EVD68/Homosapiens/VNM/VN5/2014	2014-12-31 (2014-10-14 - 2014-12-31)	B3	Vietnam	Southeast Asia			<18y	<18y		2019-07-15		Nguyen,N.N.	MF045417	
CHN/CQ7174/2014	2014-09-18	B3	China	China	5.67	1-5y	<18y	<18y		2019-07-15		Xiao,Q., Zheng,S., Wang,L., Ren,L. and Liu,E.	KT803598	
CHN/CQ7360/2014	2014-10-25	B3	China	China	10.67	6-17y	<18y	<18y		2019-07-15		Xiao,Q., Zheng,S., Wang,L., Ren,L. and Liu,E.	KT803600	
TW-02809-2014	2014-09-11	B3	Taiwan	China	2	1-5y	<18y	<18y		2019-07-15		Gong,Y.N., Yang,S.L., Shih,S.R., Huang,Y.C., Chang,P.Y., Huang,C.G., Kao,K.C., Hu,H.C., Liu,Y.C. and Tsao,K.C.	KT711087	
2014-R1153	2014-10-20	B3	China	China	8	6-17y	<18y	<18y		2019-07-15		Zhang,T.	KT280497	
TW-02795-2014	2014-09-10	B3	Taiwan	China	52	18-64y	18-64y	>=18y		2019-07-15		Gong,Y.N., Yang,S.L., Shih,S.R., Huang,Y.C., Chang,P.Y., Huang,C.G., Kao,K.C., Hu,H.C., Liu,Y.C. and Tsao,K.C.	KT711088	
V14-8151546	2014-07-23	B3	Hong Kong	China	5	1-5y	<18y	<18y		2019-07-15		Yip,C.C.Y., Lo,J.Y.C., Sridhar,S., Lung,D.C., Luk,S., Chan,K.H., Chan,J.F.W., Cheng,V.C.C., Woo,P.C.Y., Yuen,K.Y. and Lau,S.K.P.	KY767822	
2014-R1011	2014-10-20	B3	China	China	3	1-5y	<18y	<18y		2019-07-15		Zhang,T.	KT280498	
CHN/CQ7225/2014	2014-09-27	B3	China	China	4	1-5y	<18y	<18y		2019-07-15		Xiao,Q., Zheng,S., Wang,L., Ren,L. and Liu,E.	KT803599	
EV68_Alberta2985_2014	2014-09-02	B3	Canada	North America						2019-07-15		Pabbaraju,K., Wong,S., Zarra,D., Gill,K., Drews,S., Tipples,G. and Tellier,R.	KP114664	
CHN/CQ7214/2014	2014-09-23	B3	China	China	2.67	1-5y	<18y	<18y		2019-07-15		Xiao,Q., Zheng,S., Wang,L., Ren,L. and Liu,E.	KT803594	
CHN/CQ7226/2014	2014-09-26	B3	China	China	5.92	1-5y	<18y	<18y		2019-07-15		Xiao,Q., Zheng,S., Wang,L., Ren,L. and Liu,E.	KT803596	
CHN/CQ7170/2014	2014-09-18	B3	China	China	2.75	1-5y	<18y	<18y		2019-07-15		Xiao,Q., Zheng,S., Wang,L., Ren,L. and Liu,E.	KT803591	
CHN/CQ5571/2013	2013-10-16	B3	China	China	4.17	1-5y	<18y	<18y		2019-07-15		Xiao,Q., Zheng,S., Wang,L., Ren,L. and Liu,E.	KT803590	
2014-R970	2014-10-15	B3	China	China	11	6-17y	<18y	<18y		2019-07-15		Zhang,T.	KT280499	
CHN/CQ7233/2014	2014-09-30	B3	China	China	1.92	1-5y	<18y	<18y		2019-07-15		Xiao,Q., Zheng,S., Wang,L., Ren,L. and Liu,E.	KT803597	
CHN/CQ7208/2014	2014-09-22	B3	China	China	6.92	6-17y	<18y	<18y		2019-07-15		Xiao,Q., Zheng,S., Wang,L., Ren,L. and Liu,E.	KT803593	
CHN/CQ7280/2014	2014-10-13	B3	China	China	1.25	1-5y	<18y	<18y		2019-07-15		Xiao,Q., Zheng,S., Wang,L., Ren,L. and Liu,E.	KT803595	
TW-00821-2014	2014-08-01	B3	Taiwan	China	1	1-5y	<18y	<18y		2019-07-15		Gong,Y.N., Yang,S.L., Shih,S.R., Huang,Y.C., Chang,P.Y., Huang,C.G., Kao,K.C., Hu,H.C., Liu,Y.C. and Tsao,K.C.	KT711084	
TW-00928-2014	2014-09-03	B3	Taiwan	China	4	1-5y	<18y	<18y		2019-07-15		Gong,Y.N., Yang,S.L., Shih,S.R., Huang,Y.C., Chang,P.Y., Huang,C.G., Kao,K.C., Hu,H.C., Liu,Y.C. and Tsao,K.C.	KT711085	
TW-00932-2014	2014-09-11	B3	Taiwan	China	3	1-5y	<18y	<18y		2019-07-15		Gong,Y.N., Yang,S.L., Shih,S.R., Huang,Y.C., Chang,P.Y., Huang,C.G., Kao,K.C., Hu,H.C., Liu,Y.C. and Tsao,K.C.	KT711081	
TW-00909-2014	2014-09-02	B3	Taiwan	China	4	1-5y	<18y	<18y		2019-07-15		Gong,Y.N., Yang,S.L., Shih,S.R., Huang,Y.C., Chang,P.Y., Huang,C.G., Kao,K.C., Hu,H.C., Liu,Y.C. and Tsao,K.C.	KT711080	
TW-00893-2014	2014-08-22	B3	Taiwan	China	16	6-17y	<18y	<18y		2019-07-15		Gong,Y.N., Yang,S.L., Shih,S.R., Huang,Y.C., Chang,P.Y., Huang,C.G., Kao,K.C., Hu,H.C., Liu,Y.C. and Tsao,K.C.	KT711079	
TW-00898-2014	2014-08-20	B3	Taiwan	China	17	6-17y	<18y	<18y		2019-07-15		Gong,Y.N., Yang,S.L., Shih,S.R., Huang,Y.C., Chang,P.Y., Huang,C.G., Kao,K.C., Hu,H.C., Liu,Y.C. and Tsao,K.C.	KT711082	
TW-00785-2014	2014-07-17	B3	Taiwan	China	2	1-5y	<18y	<18y		2019-07-15		Gong,Y.N., Yang,S.L., Shih,S.R., Huang,Y.C., Chang,P.Y., Huang,C.G., Kao,K.C., Hu,H.C., Liu,Y.C. and Tsao,K.C.	KT711083	
TW-00880-2014	2014-08-19	B3	Taiwan	China	46	18-64y	18-64y	>=18y		2019-07-15		Gong,Y.N., Yang,S.L., Shih,S.R., Huang,Y.C., Chang,P.Y., Huang,C.G., Kao,K.C., Hu,H.C., Liu,Y.C. and Tsao,K.C.	KT711078	
EVD68/Homosapiens/VNM/VN10/2013	2013-01-28 (2013-01-01 - 2013-12-31)	B3	Vietnam	Southeast Asia			<18y	<18y		2019-07-15		Nguyen,N.N.	MF045422	
A250-OsakaC-JPN-2015	2015-09-17	B3	Japan	Japan Korea	1.17	1-5y	<18y	<18y		2019-07-15		Kaida,A., Iritani,N., Yamamoto,S.P., Kanbayashi,D., Togawa,M., Amo,K., Kohdera,U., Nishigaki,T., Kageyama,T. and Kubo,H.	LC107900	
HongKong/CUHK47134	2015-11-11	B3	Hong Kong	China	9	6-17y	<18y	<18y		2019-07-15		Wang,H., Tao,K., Tsun,G., Li,T., Tian,Q., Hong,K., Yeung,A., Chen,Z., Chan,P., Leung,T. and Chan,R.	MG739636	
A244-OsakaC-JPN-2015	2015-09-11	B3	Japan	Japan Korea	0.58	<1y	<18y	<18y		2019-07-15		Kaida,A., Iritani,N., Yamamoto,S.P., Kanbayashi,D., Togawa,M., Amo,K., Kohdera,U., Nishigaki,T., Kageyama,T. and Kubo,H.	LC107899	
A241-OsakaC-JPN-2015	2015-08-07	B3	Japan	Japan Korea	0.17	<1y	<18y	<18y		2019-07-15		Kaida,A., Iritani,N., Yamamoto,S.P., Kanbayashi,D., Togawa,M., Amo,K., Kohdera,U., Nishigaki,T., Kageyama,T. and Kubo,H.	LC107898	
HongKong/CUHK61194	2015-11-15	B3	Hong Kong	China	0.08	<1y	<18y	<18y		2019-07-15		Wang,H., Tao,K., Tsun,G., Li,T., Tian,Q., Hong,K., Yeung,A., Chen,Z., Chan,P., Leung,T. and Chan,R.	MG739637	
A252-OsakaC-JPN-2015	2015-09-18	B3	Japan	Japan Korea	0.83	<1y	<18y	<18y		2019-07-15		Kaida,A., Iritani,N., Yamamoto,S.P., Kanbayashi,D., Togawa,M., Amo,K., Kohdera,U., Nishigaki,T., Kageyama,T. and Kubo,H.	LC107901	
HongKong/CUHK12619	2015-10-08	B3	Hong Kong	China	0.42	<1y	<18y	<18y		2019-07-15		Wang,H., Tao,K., Tsun,G., Li,T., Tian,Q., Hong,K., Yeung,A., Chen,Z., Chan,P., Leung,T. and Chan,R.	MG739633	
HongKong/CUHK16709	2015-10-14	B3	Hong Kong	China	7	6-17y	<18y	<18y		2019-07-15		Wang,H., Tao,K., Tsun,G., Li,T., Tian,Q., Hong,K., Yeung,A., Chen,Z., Chan,P., Leung,T. and Chan,R.	MG739635	
HongKong/CUHK09970	2015-10-04	B3	Hong Kong	China	8	6-17y	<18y	<18y		2019-07-15		Wang,H., Tao,K., Tsun,G., Li,T., Tian,Q., Hong,K., Yeung,A., Chen,Z., Chan,P., Leung,T. and Chan,R.	MG739632	
EVD68/SZ01/CHN/2015	2015-11-23 (2015-11-01 - 2015-11-30)	B3	China	China			<18y	<18y		2019-07-15		Chen,L., Shi,L., Yang,H., Gu,D.Y., Meng,J., Xu,Y.Q., Yao,X.J., Zhang,H.L., Cheng,J.Q., Ma,H.W., Zhang,R.L. and He,Y.Q.	KU982558	
HongKong/CUHK15980	2015-10-13	B3	Hong Kong	China	9	6-17y	<18y	<18y		2019-07-15		Wang,H., Tao,K., Tsun,G., Li,T., Tian,Q., Hong,K., Yeung,A., Chen,Z., Chan,P., Leung,T. and Chan,R.	MG739634	
SMC-15-Sendai830	2015-09-01 (2015-09-01 - 2015-09-26)	B3	Japan	Japan Korea						2019-07-15		Chaimongkol,N., Okamoto,M., Furuse,Y., Nishimura,H. and Oshitani,H.	KX789265	
SMC-15-Sendai881	2015-09-01 (2015-09-01 - 2015-09-26)	B3	Japan	Japan Korea						2019-07-15		Chaimongkol,N., Okamoto,M., Furuse,Y., Nishimura,H. and Oshitani,H.	KX789267	
SMC-15-Sendai823	2015-09-30 (2015-09-05 - 2015-09-30)	B3	Japan	Japan Korea						2019-07-15		Chaimongkol,N., Okamoto,M., Furuse,Y., Nishimura,H. and Oshitani,H.	KX789264	
TU-15-Sendai727	2015-09-30 (2015-09-06 - 2015-09-30)	B3	Japan	Japan Korea						2019-07-15		Chaimongkol,N., Okamoto,M., Furuse,Y., Nishimura,H. and Oshitani,H.	KX789224	
TU-15-Sendai728	2015-09-30 (2015-09-07 - 2015-09-30)	B3	Japan	Japan Korea						2019-07-15		Chaimongkol,N., Okamoto,M., Furuse,Y., Nishimura,H. and Oshitani,H.	KX789223	
TU-15-Sendai729	2015-09-30 (2015-09-06 - 2015-09-30)	B3	Japan	Japan Korea						2019-07-15		Chaimongkol,N., Okamoto,M., Furuse,Y., Nishimura,H. and Oshitani,H.	KX789222	
639-OsakaC-JPN-2015	2015-08-28	B3	Japan	Japan Korea	3.83	1-5y	<18y	<18y		2019-07-15		Kaida,A., Iritani,N., Yamamoto,S.P., Kanbayashi,D., Togawa,M., Amo,K., Kohdera,U., Nishigaki,T., Kageyama,T. and Kubo,H.	LC107896	
EVD68/SZ02/CHN/2015	2015-11-21 (2015-11-01 - 2015-11-30)	B3	China	China			<18y	<18y		2019-07-15		Chen,L., Shi,L., Yang,H., Gu,D.Y., Meng,J., Xu,Y.Q., Yao,X.J., Zhang,H.L., Cheng,J.Q., Ma,H.W., Zhang,R.L. and He,Y.Q.	KU982559	
EVD68/SZ03/CHN/2015	2015-11-21 (2015-11-01 - 2015-11-30)	B3	China	China			<18y	<18y		2019-07-15		Chen,L., Shi,L., Yang,H., Gu,D.Y., Meng,J., Xu,Y.Q., Yao,X.J., Zhang,H.L., Cheng,J.Q., Ma,H.W., Zhang,R.L. and He,Y.Q.	KU982560	
CA/AFP/11-1767	2013-01-01 (2013-01-01 - 2013-03-21)	B1	USA	North America						2019-07-15		Chiu,C.Y., Yu,G., Naccache,S.N., Clayton,A., Yagi,S. and Glaser,C.	KM892501	
2013-0720-6	2013-07-20	B1	China	China	5	1-5y	<18y	<18y		2019-07-15		Zhang,T.	KT280504	
CA/AFP/v12T00346	2013-01-01 (2012-12-07 - 2013-01-01)	B1	USA	North America			<18y	<18y		2019-07-15	AFM	Chiu,C.Y., Yu,G., Naccache,S.N., Clayton,A., Yagi,S. and Glaser,C.	KM892499	
US/CO/13-60	2013-11-30 (2013-11-05 - 2013-11-30)	B1	USA	North America			<18y	<18y		2019-07-15	AFM	Greninger,A.L., Naccache,S.N., Yu,G., Messacar,K., Somasekar,S., Dominguez,S. and Chiu,C.Y.	KP100794	
NY329	2014-09-26	B1	USA	North America	8	6-17y	<18y	<18y		2019-07-15		Huang,W., Wang,G., Zhuge,J., Nolan,S.M., Dimitrova,N. and Fallon,J.T.	KP745767	
NY160	2014-10-05	B1	USA	North America	11	6-17y	<18y	<18y		2019-07-15		Huang,W., Wang,G., Zhuge,J., Nolan,S.M., Dimitrova,N. and Fallon,J.T.	KP745756	
USA/MI/2014-19082	2014-10-15	B1	USA	North America						2019-07-15		Ng,T.F.F., Montmayeur,A., Chern,S.-W., Maher,K., Rogers,S., Castro,C., Oberste,S. and Nix,A.	KU669045	
USA/VA/2014-19178	2014-09-08	B1	USA	North America						2019-07-15		Ng,T.F.F., Montmayeur,A., Chern,S.-W., Maher,K., Rogers,S., Castro,C., Oberste,S. and Nix,A.	KT995539	
USA/VA/2014-19218	2014-09-12	B1	USA	North America						2019-07-15		Ng,T.F.F., Montmayeur,A., Chern,S.-W., Maher,K., Rogers,S., Castro,C., Oberste,S. and Nix,A.	KT995574	
EV-D68/Homosapiens/USA/C7730/2014	2014-09-11	B1	USA	North America	15	6-17y	<18y	<18y		2019-07-15		Das,S.R., Halpin,R.A., Akopov,A., Fedorova,N., Puri,V., Stockwell,T., Amedeo,P., Bishop,B., Katzel,D., Schobel,S., Shrivastava,S., Jackson,D.J. and Gern,J.E.	KX255411	
USA/IA/2014-19171	2014-09-10	B1	USA	North America						2019-07-15		Ng,T.F.F., Montmayeur,A., Chern,S.-W., Maher,K., Rogers,S., Castro,C., Oberste,S. and Nix,A.	KT995548	
EV-D68/Homosapiens/USA/C7716/2014	2014-07-26	B1	USA	North America	15	6-17y	<18y	<18y		2019-07-15		Das,S.R., Halpin,R.A., Akopov,A., Fedorova,N., Puri,V., Stockwell,T., Amedeo,P., Bishop,B., Katzel,D., Schobel,S., Shrivastava,S., Jackson,D.J. and Gern,J.E.	KX255403	
EV-D68/Homosapiens/USA/C7715/2014	2014-07-22	B1	USA	North America	15	6-17y	<18y	<18y		2019-07-15		Das,S.R., Halpin,R.A., Akopov,A., Fedorova,N., Puri,V., Stockwell,T., Amedeo,P., Bishop,B., Katzel,D., Schobel,S., Shrivastava,S., Jackson,D.J. and Gern,J.E.	KX255362	
EV-D68/Homosapiens/USA/C7714/2014	2014-07-20	B1	USA	North America	15	6-17y	<18y	<18y		2019-07-15		Das,S.R., Halpin,R.A., Akopov,A., Fedorova,N., Puri,V., Stockwell,T., Amedeo,P., Bishop,B., Katzel,D., Schobel,S., Shrivastava,S., Jackson,D.J. and Gern,J.E.	KX255390	
EV-D68/Homosapiens/USA/C7729/2014	2014-09-08	B1	USA	North America	14	6-17y	<18y	<18y		2019-07-15		Das,S.R., Halpin,R.A., Akopov,A., Fedorova,N., Puri,V., Stockwell,T., Amedeo,P., Bishop,B., Katzel,D., Schobel,S., Shrivastava,S., Jackson,D.J. and Gern,J.E.	KX255378	
EV-D68/Homosapiens/USA/C7793/2014	2014-10-03	B1	USA	North America	15	6-17y	<18y	<18y		2019-07-15		Das,S.R., Halpin,R.A., Akopov,A., Fedorova,N., Puri,V., Stockwell,T., Amedeo,P., Bishop,B., Katzel,D., Schobel,S., Shrivastava,S., Jackson,D.J. and Gern,J.E.	KX255379	
CAN14-144	2014-08-25 (2014-07-12 - 2014-11-03)	B1	Canada	North America						2019-07-15		McDermid,A.K., Grudeski,E., Wilcox,M., Mandes,R. and Booth,T.F.	KP455279	
EV-D68/Homosapiens/USA/C7720/2014	2014-08-12	B1	USA	North America	14	6-17y	<18y	<18y		2019-07-15		Das,S.R., Halpin,R.A., Akopov,A., Fedorova,N., Puri,V., Stockwell,T., Amedeo,P., Bishop,B., Katzel,D., Schobel,S., Shrivastava,S., Jackson,D.J. and Gern,J.E.	KX255352	
EV-D68/Homosapiens/USA/C7721/2014	2014-08-14	B1	USA	North America	14	6-17y	<18y	<18y		2019-07-15		Das,S.R., Halpin,R.A., Akopov,A., Fedorova,N., Puri,V., Stockwell,T., Amedeo,P., Bishop,B., Katzel,D., Schobel,S., Shrivastava,S., Jackson,D.J. and Gern,J.E.	KX255415	
EV68/Ontario/C818712/2014	2014-09-15	B1	Canada	North America						2019-07-15		Eshaghi,A., Li,A., Banh,P., Patel,S.N. and Gubbay,J.B.	KT835408	
EV-D68/Homosapiens/USA/C7733/2014	2014-09-13	B1	USA	North America	14	6-17y	<18y	<18y		2019-07-15		Das,S.R., Halpin,R.A., Akopov,A., Fedorova,N., Puri,V., Stockwell,T., Amedeo,P., Bishop,B., Katzel,D., Schobel,S., Shrivastava,S., Jackson,D.J. and Gern,J.E.	KX255385	
EV-D68/Homosapiens/USA/C7731/2014	2014-09-12	B1	USA	North America	14	6-17y	<18y	<18y		2019-07-15		Das,S.R., Halpin,R.A., Akopov,A., Fedorova,N., Puri,V., Stockwell,T., Amedeo,P., Bishop,B., Katzel,D., Schobel,S., Shrivastava,S., Jackson,D.J. and Gern,J.E.	KX255354	
USA/MI/2014-19265	2014-09-25	B1	USA	North America						2019-07-15		Ng,T.F.F., Montmayeur,A., Chern,S.-W., Maher,K., Rogers,S., Castro,C., Oberste,S. and Nix,A.	KU669043	
USA/OH/2014-19192	2014-08-29	B1	USA	North America						2019-07-15		Ng,T.F.F., Montmayeur,A., Chern,S.-W., Maher,K., Rogers,S., Castro,C., Oberste,S. and Nix,A.	KT995557	
EV-D68/Homosapiens/USA/SSENT10/2014	2014-09-19	B1	USA	North America	9	6-17y	<18y	<18y				Das,S.R., Halpin,R.A., Lin,X., Akopov,A., Fedorova,N., Puri,V., Stockwell,T., Amedeo,P., Katzel,D., Schobel,S., Shrivastava,S. and Smole,S.	KX351812	
USA/MA/2014-19183	2014-09-10	B1	USA	North America						2019-07-15		Ng,T.F.F., Montmayeur,A., Chern,S.-W., Maher,K., Rogers,S., Castro,C., Oberste,S. and Nix,A.	KT995547	
EVD68/Homosapiens/USA/MO35/2014	2014-06-25 (2014-01-01 - 2014-12-31)	B1	USA	North America			<18y	<18y		2019-07-15		Das,S.R., Halpin,R.A., Lin,X., Simenauer,A., Akopov,A., Fedorova,N., Puri,V., Stockwell,T., Amedeo,P., Bishop,B., Katzel,D., Schobel,S., Shrivastava,S., Schuster,J. and Selvarangan,R.	KT347275	
USA/OH/2014-19240	2014-09-17	B1	USA	North America						2019-07-15		Ng,T.F.F., Montmayeur,A., Chern,S.-W., Maher,K., Rogers,S., Castro,C., Oberste,S. and Nix,A.	KT995604	
USA/PA/2014-19177	2014-09-08	B1	USA	North America						2019-07-15		Ng,T.F.F., Montmayeur,A., Chern,S.-W., Maher,K., Rogers,S., Castro,C., Oberste,S. and Nix,A.	KT995538	
CAN14-187	2014-06-18 (2014-01-01 - 2014-12-31)	B1	Canada	North America						2019-07-15		McDermid,A.K., Grudeski,E., Wilcox,M., Mandes,R. and Booth,T.F.	KP455280	
USA/OH/2014-19223	2014-08-27 (2014-06-14 - 2014-12-12)	B1	USA	North America						2019-07-15		Ng,T.F.F., Montmayeur,A., Chern,S.-W., Maher,K., Rogers,S., Castro,C., Oberste,S. and Nix,A.	KT995587	
USA/SC/2014-19196	2014-09-08	B1	USA	North America						2019-07-15		Ng,T.F.F., Montmayeur,A., Chern,S.-W., Maher,K., Rogers,S., Castro,C., Oberste,S. and Nix,A.	KT995562	
EVD68/Homosapiens/USA/MO41/2014	2014-09-07 (2014-07-11 - 2014-11-22)	B1	USA	North America			<18y	<18y		2019-07-15		Das,S.R., Halpin,R.A., Lin,X., Simenauer,A., Akopov,A., Fedorova,N., Puri,V., Stockwell,T., Amedeo,P., Bishop,B., Katzel,D., Schobel,S., Shrivastava,S., Schuster,J. and Selvarangan,R.	KT347247	
US/CA/14-4232	2014-12-31 (2014-11-05 - 2014-12-31)	B1	USA	North America						2019-07-15		Hixon,A., Yu,G., Tyler,K. and Chiu,C.Y.	KU844180	
USA/VA/2014-19181	2014-09-09	B1	USA	North America						2019-07-15		Ng,T.F.F., Montmayeur,A., Chern,S.-W., Maher,K., Rogers,S., Castro,C., Oberste,S. and Nix,A.	KT995544	
USA/IL/2014-19179	2014-09-06	B1	USA	North America						2019-07-15		Ng,T.F.F., Montmayeur,A., Chern,S.-W., Maher,K., Rogers,S., Castro,C., Oberste,S. and Nix,A.	KT995542	
USA/KY/2014-19182	2014-09-07	B1	USA	North America						2019-07-15		Ng,T.F.F., Montmayeur,A., Chern,S.-W., Maher,K., Rogers,S., Castro,C., Oberste,S. and Nix,A.	KT995545	
NYS14_31249	2014-08-23 (2014-06-30 - 2014-11-14)	B1	USA	North America						2019-07-15		Lamson,D.M., Fagan,S. and St. George,K.	KT455427	
EV68_Alberta4693_2014	2014-08-31	B1	Canada	North America						2019-07-15		Pabbaraju,K., Wong,S., Zarra,D., Gill,K., Drews,S., Tipples,G. and Tellier,R.	KP114663	
EVD68/Homosapiens/USA/MO12/2014	2014-10-17 (2014-07-24 - 2014-12-31)	B1	USA	North America			<18y	<18y		2019-07-15		Das,S.R., Halpin,R.A., Lin,X., Simenauer,A., Akopov,A., Fedorova,N., Puri,V., Stockwell,T., Amedeo,P., Bishop,B., Katzel,D., Schobel,S., Shrivastava,S., Schuster,J. and Selvarangan,R.	KT347258	
USA/PA/2014-19263	2014-09-09	B1	USA	North America						2019-07-15		Ng,T.F.F., Montmayeur,A., Chern,S.-W., Maher,K., Rogers,S., Castro,C., Oberste,S. and Nix,A.	KT995628	
EVD68/Homosapiens/USA/MO19/2014	2014-09-08 (2014-07-07 - 2014-11-24)	B1	USA	North America			<18y	<18y		2019-07-15		Das,S.R., Halpin,R.A., Lin,X., Simenauer,A., Akopov,A., Fedorova,N., Puri,V., Stockwell,T., Amedeo,P., Bishop,B., Katzel,D., Schobel,S., Shrivastava,S., Schuster,J. and Selvarangan,R.	KT347233	
EVD68/Homosapiens/USA/MO8/2014	2014-08-27 (2014-06-27 - 2014-11-09)	B1	USA	North America			<18y	<18y		2019-07-15		Das,S.R., Halpin,R.A., Lin,X., Simenauer,A., Akopov,A., Fedorova,N., Puri,V., Stockwell,T., Amedeo,P., Bishop,B., Katzel,D., Schobel,S., Shrivastava,S., Schuster,J. and Selvarangan,R.	KT347278	
EVD68/Homosapiens/USA/MO51/2014	2014-08-18 (2014-06-22 - 2014-11-07)	B1	USA	North America			<18y	<18y		2019-07-15		Das,S.R., Halpin,R.A., Lin,X., Simenauer,A., Akopov,A., Fedorova,N., Puri,V., Stockwell,T., Amedeo,P., Bishop,B., Katzel,D., Schobel,S., Shrivastava,S., Schuster,J. and Selvarangan,R.	KT347252	
EVD68/Homosapiens/USA/MO33/2014	2014-12-31 (2014-12-05 - 2014-12-31)	B1	USA	North America			<18y	<18y		2019-07-15		Das,S.R., Halpin,R.A., Lin,X., Simenauer,A., Akopov,A., Fedorova,N., Puri,V., Stockwell,T., Amedeo,P., Bishop,B., Katzel,D., Schobel,S., Shrivastava,S., Schuster,J. and Selvarangan,R.	KT347254	
EV-D68/Homosapiens/USA/O4445/2013	2013-10-07	B1	USA	North America	6	6-17y	<18y	<18y		2019-07-15		Das,S.R., Halpin,R.A., Akopov,A., Fedorova,N., Puri,V., Stockwell,T., Amedeo,P., Bishop,B., Katzel,D., Schobel,S., Shrivastava,S., Jackson,D.J. and Gern,J.E.	KX255387	
EV-D68/Homosapiens/USA/O4446/2013	2013-10-15	B1	USA	North America	6	6-17y	<18y	<18y		2019-07-15		Das,S.R., Halpin,R.A., Akopov,A., Fedorova,N., Puri,V., Stockwell,T., Amedeo,P., Bishop,B., Katzel,D., Schobel,S., Shrivastava,S., Jackson,D.J. and Gern,J.E.	KX255398	
EV-D68/Homosapiens/USA/O4444/2013	2013-10-15	B1	USA	North America	6	6-17y	<18y	<18y		2019-07-15		Das,S.R., Fedorova,N., Puri,V., Stockwell,T., Shrivastava,S., Amedeo,P., Shabman,R., Jackson,D.J. and Gern,J.E.	KX433165	
EV-D68/Homosapiens/USA/O3797/2013	2013-08-28	B1	USA	North America	7	6-17y	<18y	<18y		2019-07-15		Das,S.R., Fedorova,N., Puri,V., Stockwell,T., Shrivastava,S., Amedeo,P., Shabman,R., Jackson,D.J. and Gern,J.E.	KX433156	
EV-D68/Homosapiens/USA/O4417/2013	2013-09-11	B1	USA	North America	7	6-17y	<18y	<18y		2019-07-15		Das,S.R., Halpin,R.A., Akopov,A., Fedorova,N., Puri,V., Stockwell,T., Amedeo,P., Bishop,B., Katzel,D., Schobel,S., Shrivastava,S., Jackson,D.J. and Gern,J.E.	KX255368	
EV-D68/Homosapiens/USA/O4413/2013	2013-10-01	B1	USA	North America	6	6-17y	<18y	<18y		2019-07-15		Das,S.R., Halpin,R.A., Akopov,A., Fedorova,N., Puri,V., Stockwell,T., Amedeo,P., Bishop,B., Katzel,D., Schobel,S., Shrivastava,S., Jackson,D.J. and Gern,J.E.	KX255384	
EV-D68/Homosapiens/USA/O4415/2013	2013-09-25	B1	USA	North America	6	6-17y	<18y	<18y		2019-07-15		Das,S.R., Halpin,R.A., Akopov,A., Fedorova,N., Puri,V., Stockwell,T., Amedeo,P., Bishop,B., Katzel,D., Schobel,S., Shrivastava,S., Jackson,D.J. and Gern,J.E.	KX255406	
EV-D68/Homosapiens/USA/U5282/2014	2014-09-26	B1	USA	North America	9	6-17y	<18y	<18y		2019-07-15		Das,S.R., Halpin,R.A., Akopov,A., Fedorova,N., Puri,V., Stockwell,T., Amedeo,P., Bishop,B., Katzel,D., Schobel,S., Shrivastava,S., Jackson,D.J. and Gern,J.E.	KX255375	
EV-D68/Homosapiens/USA/SSENT29/2014	2014-09-21	B1	USA	North America	5	1-5y	<18y	<18y				Das,S.R., Halpin,R.A., Lin,X., Akopov,A., Fedorova,N., Puri,V., Stockwell,T., Amedeo,P., Katzel,D., Schobel,S., Shrivastava,S. and Smole,S.	KX351794	
MEX/DF/2014-InDRE2351	2014-10-23	B1	Mexico	North America	15	6-17y	<18y	<18y		2019-07-15		Lopez-Martinez,I., Torres-Longoria,B., Barrera-Badillo,G., Ruiz-Lopez,A., Fierro-Valdez,M.A., Ortiz-Alcantara,J.M., Garces-Ayala,F., Gonzalez-Villa,M., Escobar-Escamilla,N., Ramirez-Gonzalez,J.E. and Diaz-Quinonez,J.A.	KT825142	
CAN14-185	2014-11-30 (2014-07-17 - 2014-12-31)	B1	Canada	North America						2019-07-15		McDermid,A.K., Grudeski,E., Wilcox,M., Mandes,R. and Booth,T.F.	KP455278	
EV-D68/Homosapiens/USA/C7732/2014	2014-09-12	B1	USA	North America	14	6-17y	<18y	<18y		2019-07-15		Das,S.R., Halpin,R.A., Akopov,A., Fedorova,N., Puri,V., Stockwell,T., Amedeo,P., Bishop,B., Katzel,D., Schobel,S., Shrivastava,S., Jackson,D.J. and Gern,J.E.	KX255367	
USA/IA/2014-19225	2014-06-06 (2014-01-01 - 2014-12-31)	B1	USA	North America						2019-07-15		Ng,T.F.F., Montmayeur,A., Chern,S.-W., Maher,K., Rogers,S., Castro,C., Oberste,S. and Nix,A.	KT995589	
EV-D68/Homosapiens/USA/SSENT23/2014	2014-09-17	B1	USA	North America	4	1-5y	<18y	<18y				Das,S.R., Halpin,R.A., Lin,X., Akopov,A., Fedorova,N., Puri,V., Stockwell,T., Amedeo,P., Katzel,D., Schobel,S., Shrivastava,S. and Smole,S.	KX351823	
USA/CT/2014-19208	2014-09-12	B1	USA	North America						2019-07-15		Ng,T.F.F., Montmayeur,A., Chern,S.-W., Maher,K., Rogers,S., Castro,C., Oberste,S. and Nix,A.	KT995575	
NY124	2014-09-29	B1	USA	North America	0.8	<1y	<18y	<18y		2019-07-15		Huang,W., Wang,G., Zhuge,J., Nolan,S.M., Dimitrova,N. and Fallon,J.T.	KP745752	
NY314	2014-09-24	B1	USA	North America	1	1-5y	<18y	<18y		2019-07-15		Huang,W., Wang,G., Zhuge,J., Nolan,S.M., Dimitrova,N. and Fallon,J.T.	KP745763	
EV-D68/Homosapiens/USA/SSENT11/2014	2014-09-18	B1	USA	North America	8	6-17y	<18y	<18y				Das,S.R., Halpin,R.A., Lin,X., Akopov,A., Fedorova,N., Puri,V., Stockwell,T., Amedeo,P., Katzel,D., Schobel,S., Shrivastava,S. and Smole,S.	KX351797	
USA/CA/2014-RGDS-1027	2014-09-30 (2014-09-07 - 2014-09-30)	B1	USA	North America						2019-07-15		Pan,C.-Y., Huynh,T., Padilla,T., Ng,T.F.F., Castro,C.J., Marine,R.L., Nix,W.A. and Wadford,D.A.	MK681492	
CAN14-455	2014-10-26 (2014-09-06 - 2014-12-24)	B1	Canada	North America						2019-07-15		McDermid,A.K., Grudeski,E., Wilcox,M., Mandes,R. and Booth,T.F.	KP455276	
USA/CT/2014-19201	2014-09-13	B1	USA	North America						2019-07-15		Ng,T.F.F., Montmayeur,A., Chern,S.-W., Maher,K., Rogers,S., Castro,C., Oberste,S. and Nix,A.	KT995567	
USA/KY/2014-19167	2014-08-22	B1	USA	North America						2019-07-15		Ng,T.F.F., Montmayeur,A., Chern,S.-W., Maher,K., Rogers,S., Castro,C., Oberste,S. and Nix,A.	KT995532	
EV-D68/Homosapiens/USA/SSENT27/2014	2014-09-20	B1	USA	North America	11	6-17y	<18y	<18y				Das,S.R., Halpin,R.A., Lin,X., Akopov,A., Fedorova,N., Puri,V., Stockwell,T., Amedeo,P., Katzel,D., Schobel,S., Shrivastava,S. and Smole,S.	KX351795	
EV-D68/Homosapiens/USA/SSENT03/2014	2014-09-13	B1	USA	North America	5	1-5y	<18y	<18y				Das,S.R., Halpin,R.A., Lin,X., Akopov,A., Fedorova,N., Puri,V., Stockwell,T., Amedeo,P., Katzel,D., Schobel,S., Shrivastava,S. and Smole,S.	KX351798	
USA/AL/2014-19241	2014-09-15	B1	USA	North America						2019-07-15		Ng,T.F.F., Montmayeur,A., Chern,S.-W., Maher,K., Rogers,S., Castro,C., Oberste,S. and Nix,A.	KT995605	
USA/CA/2014-RGDS-1025	2014-09-30 (2014-09-05 - 2014-09-30)	B1	USA	North America						2019-07-15		Pan,C.-Y., Huynh,T., Padilla,T., Ng,T.F.F., Castro,C.J., Marine,R.L., Nix,W.A. and Wadford,D.A.	MK681490	
EV-D68/Homosapiens/USA/C7743/2014	2014-09-25	B1	USA	North America	14	6-17y	<18y	<18y		2019-07-15		Das,S.R., Halpin,R.A., Akopov,A., Fedorova,N., Puri,V., Stockwell,T., Amedeo,P., Bishop,B., Katzel,D., Schobel,S., Shrivastava,S., Jackson,D.J. and Gern,J.E.	KX255407	
EV-D68/Homosapiens/USA/C7791/2014	2014-09-28	B1	USA	North America	16	6-17y	<18y	<18y		2019-07-15		Das,S.R., Fedorova,N., Puri,V., Stockwell,T., Shrivastava,S., Amedeo,P., Shabman,R., Jackson,D.J. and Gern,J.E.	KX433161	
EVD68/Homosapiens/USA/MO38/2014	2014-07-06 (2014-05-09 - 2014-09-13)	B1	USA	North America			<18y	<18y		2019-07-15		Das,S.R., Halpin,R.A., Lin,X., Simenauer,A., Akopov,A., Fedorova,N., Puri,V., Stockwell,T., Amedeo,P., Bishop,B., Katzel,D., Schobel,S., Shrivastava,S., Schuster,J. and Selvarangan,R.	KT347279	
EVD68/Homosapiens/USA/MO39/2014	2014-07-18 (2014-05-17 - 2014-09-28)	B1	USA	North America			<18y	<18y		2019-07-15		Das,S.R., Halpin,R.A., Lin,X., Simenauer,A., Akopov,A., Fedorova,N., Puri,V., Stockwell,T., Amedeo,P., Bishop,B., Katzel,D., Schobel,S., Shrivastava,S., Schuster,J. and Selvarangan,R.	KT347236	
EVD68/Homosapiens/USA/MO58/2014	2014-09-09 (2014-07-17 - 2014-11-17)	B1	USA	North America			<18y	<18y		2019-07-15		Das,S.R., Halpin,R.A., Lin,X., Simenauer,A., Akopov,A., Fedorova,N., Puri,V., Stockwell,T., Amedeo,P., Bishop,B., Katzel,D., Schobel,S., Shrivastava,S., Schuster,J. and Selvarangan,R.	KT347224	
USA/MS/2014-19204	2014-09-11	B1	USA	North America						2019-07-15		Ng,T.F.F., Montmayeur,A., Chern,S.-W., Maher,K., Rogers,S., Castro,C., Oberste,S. and Nix,A.	KT995570	
EV-D68/Homosapiens/USA/SSENT26/2014	2014-09-19	B1	USA	North America	9	6-17y	<18y	<18y				Das,S.R., Halpin,R.A., Lin,X., Akopov,A., Fedorova,N., Puri,V., Stockwell,T., Amedeo,P., Katzel,D., Schobel,S., Shrivastava,S. and Smole,S.	KX351826	
EV-D68/Homosapiens/USA/SSENT04/2014	2014-09-14	B1	USA	North America	8	6-17y	<18y	<18y				Das,S.R., Halpin,R.A., Lin,X., Akopov,A., Fedorova,N., Puri,V., Stockwell,T., Amedeo,P., Katzel,D., Schobel,S., Shrivastava,S. and Smole,S.	KX351828	
EV-D68/Homosapiens/USA/SSENT14/2014	2014-09-17	B1	USA	North America	1	1-5y	<18y	<18y				Das,S.R., Halpin,R.A., Lin,X., Akopov,A., Fedorova,N., Puri,V., Stockwell,T., Amedeo,P., Katzel,D., Schobel,S., Shrivastava,S. and Smole,S.	KX351829	
EV-D68/Homosapiens/USA/SSENT19/2014	2014-09-17	B1	USA	North America	4	1-5y	<18y	<18y				Das,S.R., Halpin,R.A., Lin,X., Akopov,A., Fedorova,N., Puri,V., Stockwell,T., Amedeo,P., Katzel,D., Schobel,S., Shrivastava,S. and Smole,S.	KX351810	
CAN14-330	2014-07-11 (2014-05-06 - 2014-10-08)	B1	Canada	North America						2019-07-15		McDermid,A.K., Grudeski,E., Wilcox,M., Mandes,R. and Booth,T.F.	KP455264	
EVD68/Homosapiens/USA/MO11/2014	2014-11-23 (2014-09-01 - 2014-12-31)	B1	USA	North America			<18y	<18y		2019-07-15		Das,S.R., Halpin,R.A., Lin,X., Simenauer,A., Akopov,A., Fedorova,N., Puri,V., Stockwell,T., Amedeo,P., Bishop,B., Katzel,D., Schobel,S., Shrivastava,S., Schuster,J. and Selvarangan,R.	KT347260	
EV-D68_STL_2014_12	2014-09-08 (2014-07-11 - 2014-12-05)	B1	USA	North America						2019-07-15		Wylie,K.M., Wylie,T.N., Orvedahl,A., Buller,R.S., Herter,B.N., Magrini,V., Wilson,R.K. and Storch,G.A.	KM881710	
EVD68/Homosapiens/USA/MO16/2014	2014-07-19 (2014-05-23 - 2014-09-19)	B1	USA	North America			<18y	<18y		2019-07-15		Das,S.R., Halpin,R.A., Lin,X., Simenauer,A., Akopov,A., Fedorova,N., Puri,V., Stockwell,T., Amedeo,P., Bishop,B., Katzel,D., Schobel,S., Shrivastava,S., Schuster,J. and Selvarangan,R.	KT347249	
US/MO/14-18947	2014-08-31 (2014-08-06 - 2014-08-31)	B1	USA	North America						2019-07-15		Brown,B.A., Nix,W.A., Sheth,M., Frace,M. and Oberste,M.S.	KM851225	
USA/NC/2014-19248	2014-09-24	B1	USA	North America						2019-07-15		Ng,T.F.F., Montmayeur,A., Chern,S.-W., Maher,K., Rogers,S., Castro,C., Oberste,S. and Nix,A.	KT995613	
EVD68/Homosapiens/USA/MO47/2014	2014-10-09 (2014-08-13 - 2014-12-17)	B1	USA	North America			<18y	<18y		2019-07-15		Das,S.R., Halpin,R.A., Lin,X., Simenauer,A., Akopov,A., Fedorova,N., Puri,V., Stockwell,T., Amedeo,P., Bishop,B., Katzel,D., Schobel,S., Shrivastava,S., Schuster,J. and Selvarangan,R.	KT347251	
EVD68/Homosapiens/USA/MO24/2014	2014-09-25 (2014-08-07 - 2014-11-14)	B1	USA	North America			<18y	<18y		2019-07-15		Das,S.R., Halpin,R.A., Lin,X., Simenauer,A., Akopov,A., Fedorova,N., Puri,V., Stockwell,T., Amedeo,P., Bishop,B., Katzel,D., Schobel,S., Shrivastava,S., Schuster,J. and Selvarangan,R.	KT347253	
EVD68/Homosapiens/USA/MO28/2014	2014-10-16 (2014-08-30 - 2014-12-15)	B1	USA	North America			<18y	<18y		2019-07-15		Das,S.R., Halpin,R.A., Lin,X., Simenauer,A., Akopov,A., Fedorova,N., Puri,V., Stockwell,T., Amedeo,P., Bishop,B., Katzel,D., Schobel,S., Shrivastava,S., Schuster,J. and Selvarangan,R.	KT347263	
EV68_Alberta17390_2014	2014-08-18	B1	Canada	North America						2019-07-15		Pabbaraju,K., Wong,S., Zarra,D., Gill,K., Drews,S., Tipples,G. and Tellier,R.	KP114662	
USA/AL/2014-19169	2014-08-29	B1	USA	North America						2019-07-15		Ng,T.F.F., Montmayeur,A., Chern,S.-W., Maher,K., Rogers,S., Castro,C., Oberste,S. and Nix,A.	KT995535	
CAN14-869	2014-10-19 (2014-08-24 - 2014-12-22)	B1	Canada	North America						2019-07-15		McDermid,A.K., Grudeski,E., Wilcox,M., Mandes,R. and Booth,T.F.	KP455277	
USA/MT/2014-19216	2014-09-06	B1	USA	North America						2019-07-15		Ng,T.F.F., Montmayeur,A., Chern,S.-W., Maher,K., Rogers,S., Castro,C., Oberste,S. and Nix,A.	KT995550	
EV-D68/Homosapiens/USA/C7722/2014	2014-08-14	B1	USA	North America	14	6-17y	<18y	<18y		2019-07-15		Das,S.R., Halpin,R.A., Akopov,A., Fedorova,N., Puri,V., Stockwell,T., Amedeo,P., Bishop,B., Katzel,D., Schobel,S., Shrivastava,S., Jackson,D.J. and Gern,J.E.	KX255364	
EV-D68/Homosapiens/USA/C7723/2014	2014-08-16	B1	USA	North America	14	6-17y	<18y	<18y		2019-07-15		Das,S.R., Halpin,R.A., Akopov,A., Fedorova,N., Puri,V., Stockwell,T., Amedeo,P., Bishop,B., Katzel,D., Schobel,S., Shrivastava,S., Jackson,D.J. and Gern,J.E.	KX255373	
USA/IL/2014-18956	2014-08-31 (2014-08-12 - 2014-08-31)	B1	USA	North America						2019-07-15		Brown,B.A., Nix,W.A., Sheth,M., Frace,M. and Oberste,M.S.	MK268345	
USA/TN/2014-19260	2014-09-27	B1	USA	North America						2019-07-15		Ng,T.F.F., Montmayeur,A., Chern,S.-W., Maher,K., Rogers,S., Castro,C., Oberste,S. and Nix,A.	KT995625	
EVD68/Homosapiens/USA/MO43/2014	2014-09-02 (2014-07-28 - 2014-10-19)	B1	USA	North America			<18y	<18y		2019-07-15		Das,S.R., Halpin,R.A., Lin,X., Simenauer,A., Akopov,A., Fedorova,N., Puri,V., Stockwell,T., Amedeo,P., Bishop,B., Katzel,D., Schobel,S., Shrivastava,S., Schuster,J. and Selvarangan,R.	KT347274	
USA/MD/2014-19235	2014-09-16	B1	USA	North America						2019-07-15		Ng,T.F.F., Montmayeur,A., Chern,S.-W., Maher,K., Rogers,S., Castro,C., Oberste,S. and Nix,A.	KT995599	
EVD68/Homosapiens/USA/MO9/2014	2014-11-30 (2014-10-13 - 2014-12-31)	B1	USA	North America			<18y	<18y		2019-07-15		Das,S.R., Halpin,R.A., Lin,X., Simenauer,A., Akopov,A., Fedorova,N., Puri,V., Stockwell,T., Amedeo,P., Bishop,B., Katzel,D., Schobel,S., Shrivastava,S., Schuster,J. and Selvarangan,R.	KT347259	
EVD68/Homosapiens/USA/MO54/2014	2014-12-31 (2014-11-05 - 2014-12-31)	B1	USA	North America			<18y	<18y		2019-07-15		Das,S.R., Halpin,R.A., Lin,X., Simenauer,A., Akopov,A., Fedorova,N., Puri,V., Stockwell,T., Amedeo,P., Bishop,B., Katzel,D., Schobel,S., Shrivastava,S., Schuster,J. and Selvarangan,R.	KT347223	
USA/ID/2014-19256	2014-09-25	B1	USA	North America						2019-07-15		Ng,T.F.F., Montmayeur,A., Chern,S.-W., Maher,K., Rogers,S., Castro,C., Oberste,S. and Nix,A.	KT995621	
USA/IL/2014-19199	2014-08-22	B1	USA	North America						2019-07-15		Ng,T.F.F., Montmayeur,A., Chern,S.-W., Maher,K., Rogers,S., Castro,C., Oberste,S. and Nix,A.	KT995565	
EVD68/Homosapiens/USA/MO22/2014	2014-09-12 (2014-07-13 - 2014-12-11)	B1	USA	North America			<18y	<18y		2019-07-15		Das,S.R., Halpin,R.A., Lin,X., Simenauer,A., Akopov,A., Fedorova,N., Puri,V., Stockwell,T., Amedeo,P., Bishop,B., Katzel,D., Schobel,S., Shrivastava,S., Schuster,J. and Selvarangan,R.	KT347264	
USA/CO/2014-19190	2014-09-05	B1	USA	North America						2019-07-15		Ng,T.F.F., Montmayeur,A., Chern,S.-W., Maher,K., Rogers,S., Castro,C., Oberste,S. and Nix,A.	KT995541	
USA/NE/2014-19206	2014-09-09	B1	USA	North America						2019-07-15		Ng,T.F.F., Montmayeur,A., Chern,S.-W., Maher,K., Rogers,S., Castro,C., Oberste,S. and Nix,A.	KT995572	
EV-D68/Homosapiens/USA/C7745/2014	2014-09-26	B1	USA	North America	15	6-17y	<18y	<18y		2019-07-15		Das,S.R., Halpin,R.A., Akopov,A., Fedorova,N., Puri,V., Stockwell,T., Amedeo,P., Bishop,B., Katzel,D., Schobel,S., Shrivastava,S., Jackson,D.J. and Gern,J.E.	KX255389	
USA/GA/2014-19246	2014-09-24	B1	USA	North America						2019-07-15		Ng,T.F.F., Montmayeur,A., Chern,S.-W., Maher,K., Rogers,S., Castro,C., Oberste,S. and Nix,A.	KT995610	
EV-D68/Homosapiens/USA/SSENT38/2014	2014-10-03	B1	USA	North America	10	6-17y	<18y	<18y				Das,S.R., Halpin,R.A., Lin,X., Akopov,A., Fedorova,N., Puri,V., Stockwell,T., Amedeo,P., Katzel,D., Schobel,S., Shrivastava,S. and Smole,S.	KX351804	
USA/CA/2014-RGDS-1026	2014-09-01 (2014-09-01 - 2014-09-26)	B1	USA	North America						2019-07-15		Pan,C.-Y., Huynh,T., Padilla,T., Ng,T.F.F., Castro,C.J., Marine,R.L., Nix,W.A. and Wadford,D.A.	MK681491	
US/MO/14-18948	2014-08-31 (2014-08-14 - 2014-08-31)	B1	USA	North America						2019-07-15		Brown,B.A., Nix,W.A., Sheth,M., Frace,M. and Oberste,M.S.	KM851226	
EVD68/Homosapiens/USA/MO34/2014	2014-11-24 (2014-10-10 - 2014-12-31)	B1	USA	North America			<18y	<18y		2019-07-15		Das,S.R., Halpin,R.A., Lin,X., Simenauer,A., Akopov,A., Fedorova,N., Puri,V., Stockwell,T., Amedeo,P., Bishop,B., Katzel,D., Schobel,S., Shrivastava,S., Schuster,J. and Selvarangan,R.	KT347267	
EVD68/Homosapiens/USA/MO59/2014	2014-09-06 (2014-08-02 - 2014-10-30)	B1	USA	North America			<18y	<18y		2019-07-15		Das,S.R., Halpin,R.A., Lin,X., Simenauer,A., Akopov,A., Fedorova,N., Puri,V., Stockwell,T., Amedeo,P., Bishop,B., Katzel,D., Schobel,S., Shrivastava,S., Schuster,J. and Selvarangan,R.	KT347245	
USA/TX/2014-19228	2014-09-09	B1	USA	North America						2019-07-15		Ng,T.F.F., Montmayeur,A., Chern,S.-W., Maher,K., Rogers,S., Castro,C., Oberste,S. and Nix,A.	KT995592	
USA/VA/2014-19187	2014-09-09	B1	USA	North America						2019-07-15		Ng,T.F.F., Montmayeur,A., Chern,S.-W., Maher,K., Rogers,S., Castro,C., Oberste,S. and Nix,A.	KT995554	
USA/FL/2014-19070	2014-09-07 (2014-07-17 - 2014-11-19)	B1	USA	North America						2019-07-15		Ng,T.F.F., Montmayeur,A., Chern,S.-W., Maher,K., Rogers,S., Castro,C., Oberste,S. and Nix,A.	KT995611	
EVD68/Homosapiens/USA/MO15/2014	2014-10-18 (2014-09-03 - 2014-12-17)	B1	USA	North America			<18y	<18y		2019-07-15		Das,S.R., Halpin,R.A., Lin,X., Simenauer,A., Akopov,A., Fedorova,N., Puri,V., Stockwell,T., Amedeo,P., Bishop,B., Katzel,D., Schobel,S., Shrivastava,S., Schuster,J. and Selvarangan,R.	KT347228	
EVD68/Homosapiens/USA/MO60/2014	2014-09-17 (2014-08-02 - 2014-10-31)	B1	USA	North America			<18y	<18y		2019-07-15		Das,S.R., Halpin,R.A., Lin,X., Simenauer,A., Akopov,A., Fedorova,N., Puri,V., Stockwell,T., Amedeo,P., Bishop,B., Katzel,D., Schobel,S., Shrivastava,S., Schuster,J. and Selvarangan,R.	KT347261	
NY126	2014-09-28	B1	USA	North America	10	6-17y	<18y	<18y		2019-07-15		Huang,W., Wang,G., Zhuge,J., Nolan,S.M., Dimitrova,N. and Fallon,J.T.	KP745753	
USA/LA/2014-19168	2014-09-08	B1	USA	North America						2019-07-15		Ng,T.F.F., Montmayeur,A., Chern,S.-W., Maher,K., Rogers,S., Castro,C., Oberste,S. and Nix,A.	KT995534	
USA/MI/2014-19238	2014-09-06	B1	USA	North America						2019-07-15		Ng,T.F.F., Montmayeur,A., Chern,S.-W., Maher,K., Rogers,S., Castro,C., Oberste,S. and Nix,A.	KT995602	
USA/WI/2014-19222	2014-09-09	B1	USA	North America						2019-07-15		Ng,T.F.F., Montmayeur,A., Chern,S.-W., Maher,K., Rogers,S., Castro,C., Oberste,S. and Nix,A.	KT995586	
CAN14-272	2014-12-31 (2014-10-27 - 2014-12-31)	B1	Canada	North America						2019-07-15		McDermid,A.K., Grudeski,E., Wilcox,M., Mandes,R. and Booth,T.F.	KP455266	
EV68/Ontario/C818710/2014	2014-09-15	B1	Canada	North America						2019-07-15		Eshaghi,A., Li,A., Banh,P., Patel,S.N. and Gubbay,J.B.	KT835407	
CAN14-198	2014-09-15 (2014-08-25 - 2014-10-14)	B1	Canada	North America						2019-07-15		McDermid,A.K., Grudeski,E., Wilcox,M., Mandes,R. and Booth,T.F.	KP455265	
USA/CA/2014-RGDS-1032	2014-09-30 (2014-09-05 - 2014-09-30)	B1	USA	North America						2019-07-15		Pan,C.-Y., Huynh,T., Padilla,T., Ng,T.F.F., Castro,C.J., Marine,R.L., Nix,W.A. and Wadford,D.A.	MK681497	
EV-D68/Homosapiens/USA/SSENT07/2014	2014-09-16	B1	USA	North America	12	6-17y	<18y	<18y				Das,S.R., Halpin,R.A., Lin,X., Akopov,A., Fedorova,N., Puri,V., Stockwell,T., Amedeo,P., Katzel,D., Schobel,S., Shrivastava,S. and Smole,S.	KX351820	
USA/TX/2014-19185	2014-08-04	B1	USA	North America						2019-07-15		Ng,T.F.F., Montmayeur,A., Chern,S.-W., Maher,K., Rogers,S., Castro,C., Oberste,S. and Nix,A.	KT995552	
EVD68/Homosapiens/USA/MO21/2014	2014-09-27 (2014-08-10 - 2014-12-03)	B1	USA	North America			<18y	<18y		2019-07-15		Das,S.R., Halpin,R.A., Lin,X., Simenauer,A., Akopov,A., Fedorova,N., Puri,V., Stockwell,T., Amedeo,P., Bishop,B., Katzel,D., Schobel,S., Shrivastava,S., Schuster,J. and Selvarangan,R.	KT347276	
USA/ND/2014-19252	2014-09-24	B1	USA	North America						2019-07-15		Ng,T.F.F., Montmayeur,A., Chern,S.-W., Maher,K., Rogers,S., Castro,C., Oberste,S. and Nix,A.	KT995617	
NY77	2014-09-28	B1	USA	North America	5	1-5y	<18y	<18y		2019-07-15		Huang,W., Wang,G., Zhuge,J., Nolan,S.M., Dimitrova,N. and Fallon,J.T.	KP745770	
NY210	2014-10-14	B1	USA	North America	5	1-5y	<18y	<18y		2019-07-15		Huang,W., Wang,G., Zhuge,J., Nolan,S.M., Dimitrova,N. and Fallon,J.T.	KP745757	
USA/CT/2014-19233	2014-09-15	B1	USA	North America						2019-07-15		Ng,T.F.F., Montmayeur,A., Chern,S.-W., Maher,K., Rogers,S., Castro,C., Oberste,S. and Nix,A.	KT995597	
EV-D68/Homosapiens/USA/SSENT24/2014	2014-09-18	B1	USA	North America	4	1-5y	<18y	<18y				Das,S.R., Halpin,R.A., Lin,X., Akopov,A., Fedorova,N., Puri,V., Stockwell,T., Amedeo,P., Katzel,D., Schobel,S., Shrivastava,S. and Smole,S.	KX351830	
EV-D68/Homosapiens/USA/SSENT37/2014	2014-09-28	B1	USA	North America	3	1-5y	<18y	<18y				Das,S.R., Halpin,R.A., Lin,X., Akopov,A., Fedorova,N., Puri,V., Stockwell,T., Amedeo,P., Katzel,D., Schobel,S., Shrivastava,S. and Smole,S.	KX351801	
NY120	2014-09-28	B1	USA	North America						2019-07-15		Huang,W., Wang,G., Zhuge,J., Nolan,S.M., Dimitrova,N. and Fallon,J.T.	KP745751	
NY130	2014-09-30	B1	USA	North America	2	1-5y	<18y	<18y		2019-07-15		Huang,W., Wang,G., Zhuge,J., Nolan,S.M., Dimitrova,N. and Fallon,J.T.	KP745754	
EV-D68/Homosapiens/USA/SSENT21/2014	2014-09-19	B1	USA	North America	38	18-64y	18-64y	>=18y				Das,S.R., Halpin,R.A., Lin,X., Akopov,A., Fedorova,N., Puri,V., Stockwell,T., Amedeo,P., Katzel,D., Schobel,S., Shrivastava,S. and Smole,S.	KX351796	
USA/NJ/2014-19250	2014-09-25	B1	USA	North America						2019-07-15		Ng,T.F.F., Montmayeur,A., Chern,S.-W., Maher,K., Rogers,S., Castro,C., Oberste,S. and Nix,A.	KT995615	
USA/NJ/2014-19262	2014-09-25	B1	USA	North America						2019-07-15		Ng,T.F.F., Montmayeur,A., Chern,S.-W., Maher,K., Rogers,S., Castro,C., Oberste,S. and Nix,A.	KT995627	
MEX/DGO/2014-InDRE2271	2014-10-16	B1	Mexico	North America						2019-07-15		Lopez-Martinez,I., Torres-Longoria,B., Barrera-Badillo,G., Ruiz-Lopez,A., Fierro-Valdez,M.A., Ortiz-Alcantara,J.M., Garces-Ayala,F., Gonzalez-Villa,M., Escobar-Escamilla,N., Ramirez-Gonzalez,J.E. and Diaz-Quinonez,J.A.	KT803995	
USA/LA/2014-19220	2014-09-09	B1	USA	North America						2019-07-15		Ng,T.F.F., Montmayeur,A., Chern,S.-W., Maher,K., Rogers,S., Castro,C., Oberste,S. and Nix,A.	KT995584	
EVD68/Homosapiens/USA/MO45/2014	2014-10-27 (2014-07-30 - 2014-12-31)	B1	USA	North America			<18y	<18y		2019-07-15		Das,S.R., Halpin,R.A., Lin,X., Simenauer,A., Akopov,A., Fedorova,N., Puri,V., Stockwell,T., Amedeo,P., Bishop,B., Katzel,D., Schobel,S., Shrivastava,S., Schuster,J. and Selvarangan,R.	KT347269	
USA/CO/2014-19258	2014-09-13	B1	USA	North America						2019-07-15		Ng,T.F.F., Montmayeur,A., Chern,S.-W., Maher,K., Rogers,S., Castro,C., Oberste,S. and Nix,A.	KT995623	
NY263	2014-09-18	B1	USA	North America	11	6-17y	<18y	<18y		2019-07-15		Huang,W., Wang,G., Zhuge,J., Nolan,S.M., Dimitrova,N. and Fallon,J.T.	KP745758	
NY275	2014-09-19	B1	USA	North America	6	6-17y	<18y	<18y		2019-07-15		Huang,W., Wang,G., Zhuge,J., Nolan,S.M., Dimitrova,N. and Fallon,J.T.	KP745759	
USA/KY/2014-19219	2014-09-13	B1	USA	North America						2019-07-15		Ng,T.F.F., Montmayeur,A., Chern,S.-W., Maher,K., Rogers,S., Castro,C., Oberste,S. and Nix,A.	KT995583	
CAN14-260	2014-12-08 (2014-09-07 - 2014-12-31)	B1	Canada	North America						2019-07-15		McDermid,A.K., Grudeski,E., Wilcox,M., Mandes,R. and Booth,T.F.	KP455275	
USA/MA/2014-19048	2014-09-09	B1	USA	North America						2019-07-15		Ng,T.F.F., Montmayeur,A., Chern,S.-W., Maher,K., Rogers,S., Castro,C., Oberste,S. and Nix,A.	KT995546	
USA/RI/2014-19203	2014-08-28	B1	USA	North America						2019-07-15		Ng,T.F.F., Montmayeur,A., Chern,S.-W., Maher,K., Rogers,S., Castro,C., Oberste,S. and Nix,A.	KT995569	
EVD68_SWE_002_140908_NFLG	2014-09-08	B1	Sweden	Europe	0	<1y	<18y	<18y	Karolinska Sweden	2018-07-07		Dyrdak, R. et al.	MH674115	
EVD68_SWE_004_140916_NFLG	2014-09-16	B1	Sweden	Europe	3	1-5y	<18y	<18y	Karolinska Sweden	2018-07-07		Dyrdak, R. et al.	MH674116	
EVD68_SWE_006_140814_NFLG	2014-08-14	B1	Sweden	Europe	3	1-5y	<18y	<18y	Karolinska Sweden	2018-07-07		Dyrdak, R. et al.	MH674112	
EVD68_SWE_005_140814_NFLG	2014-08-14	B1	Sweden	Europe	1	1-5y	<18y	<18y	Karolinska Sweden	2018-07-07		Dyrdak, R. et al.	MH674111	
USA/KY/2014-19236	2014-09-16	B1	USA	North America						2019-07-15		Ng,T.F.F., Montmayeur,A., Chern,S.-W., Maher,K., Rogers,S., Castro,C., Oberste,S. and Nix,A.	KT995600	
USA/CA/2014-RGDS-1037	2014-11-01 (2014-11-01 - 2014-11-27)	B1	USA	North America						2019-07-15		Pan,C.-Y., Huynh,T., Padilla,T., Ng,T.F.F., Castro,C.J., Marine,R.L., Nix,W.A. and Wadford,D.A.	MK681502	
USA/CO/2014-19244	2014-09-15	B1	USA	North America						2019-07-15		Ng,T.F.F., Montmayeur,A., Chern,S.-W., Maher,K., Rogers,S., Castro,C., Oberste,S. and Nix,A.	KT995608	
USA/MI/2014-19221	2014-09-12	B1	USA	North America						2019-07-15		Ng,T.F.F., Montmayeur,A., Chern,S.-W., Maher,K., Rogers,S., Castro,C., Oberste,S. and Nix,A.	KT995585	
USA/MI/2014-19266	2014-09-29	B1	USA	North America						2019-07-15		Ng,T.F.F., Montmayeur,A., Chern,S.-W., Maher,K., Rogers,S., Castro,C., Oberste,S. and Nix,A.	KU669042	
EVD68/Homosapiens/USA/MO7/2014	2014-11-08 (2014-09-09 - 2014-12-31)	B1	USA	North America			<18y	<18y		2019-07-15		Das,S.R., Halpin,R.A., Lin,X., Simenauer,A., Akopov,A., Fedorova,N., Puri,V., Stockwell,T., Amedeo,P., Bishop,B., Katzel,D., Schobel,S., Shrivastava,S., Schuster,J. and Selvarangan,R.	KT347271	
USA/KY/2014-19209	2014-09-14	B1	USA	North America						2019-07-15		Ng,T.F.F., Montmayeur,A., Chern,S.-W., Maher,K., Rogers,S., Castro,C., Oberste,S. and Nix,A.	KT995576	
USA/GA/2014-19200	2014-09-09	B1	USA	North America						2019-07-15		Ng,T.F.F., Montmayeur,A., Chern,S.-W., Maher,K., Rogers,S., Castro,C., Oberste,S. and Nix,A.	KT995566	
EV-D68/Homosapiens/USA/SSENT01/2014	2014-09-14	B1	USA	North America	6	6-17y	<18y	<18y				Das,S.R., Halpin,R.A., Lin,X., Akopov,A., Fedorova,N., Puri,V., Stockwell,T., Amedeo,P., Katzel,D., Schobel,S., Shrivastava,S. and Smole,S.	KX351827	
USA/SC/2014-19215	2014-09-03	B1	USA	North America						2019-07-15		Ng,T.F.F., Montmayeur,A., Chern,S.-W., Maher,K., Rogers,S., Castro,C., Oberste,S. and Nix,A.	KT995582	
EVD68/Homosapiens/USA/MO13/2014	2014-06-08 (2014-04-02 - 2014-09-02)	B1	USA	North America			<18y	<18y		2019-07-15		Das,S.R., Halpin,R.A., Lin,X., Simenauer,A., Akopov,A., Fedorova,N., Puri,V., Stockwell,T., Amedeo,P., Bishop,B., Katzel,D., Schobel,S., Shrivastava,S., Schuster,J. and Selvarangan,R.	KT347248	
USA/NE/2014-19257	2014-09-11	B1	USA	North America						2019-07-15		Ng,T.F.F., Montmayeur,A., Chern,S.-W., Maher,K., Rogers,S., Castro,C., Oberste,S. and Nix,A.	KT995622	
CAN14-165	2014-08-25 (2014-06-05 - 2014-12-31)	B1	Canada	North America						2019-07-15		McDermid,A.K., Grudeski,E., Wilcox,M., Mandes,R. and Booth,T.F.	KP455273	
USA/CO/2014-19175	2014-08-27	B1	USA	North America						2019-07-15		Ng,T.F.F., Montmayeur,A., Chern,S.-W., Maher,K., Rogers,S., Castro,C., Oberste,S. and Nix,A.	KT995533	
EVD68/Homosapiens/USA/MO36/2014	2014-11-29 (2014-09-07 - 2014-12-31)	B1	USA	North America			<18y	<18y		2019-07-15		Das,S.R., Halpin,R.A., Lin,X., Simenauer,A., Akopov,A., Fedorova,N., Puri,V., Stockwell,T., Amedeo,P., Bishop,B., Katzel,D., Schobel,S., Shrivastava,S., Schuster,J. and Selvarangan,R.	KT347265	
EVD68_SWE_001_140905_NFLG	2014-09-05	B1	Sweden	Europe	9	6-17y	<18y	<18y	Karolinska Sweden	2018-07-07		Dyrdak, R. et al.	MH674113	
USA/RI/2014-19213	2014-09-12	B1	USA	North America						2019-07-15		Ng,T.F.F., Montmayeur,A., Chern,S.-W., Maher,K., Rogers,S., Castro,C., Oberste,S. and Nix,A.	KT995580	
CAN14-826	2014-08-27 (2014-07-16 - 2014-11-05)	B1	Canada	North America						2019-07-15		McDermid,A.K., Grudeski,E., Wilcox,M., Mandes,R. and Booth,T.F.	KP455274	
EV-D68/Homosapiens/USA/SSENT39/2014	2014-09-18	B1	USA	North America	5	1-5y	<18y	<18y				Das,S.R., Halpin,R.A., Lin,X., Akopov,A., Fedorova,N., Puri,V., Stockwell,T., Amedeo,P., Katzel,D., Schobel,S., Shrivastava,S. and Smole,S.	KX351821	
EV-D68/Homosapiens/USA/SSENT16/2014	2014-09-19	B1	USA	North America	46	18-64y	18-64y	>=18y				Das,S.R., Halpin,R.A., Lin,X., Akopov,A., Fedorova,N., Puri,V., Stockwell,T., Amedeo,P., Katzel,D., Schobel,S., Shrivastava,S. and Smole,S.	KX351822	
EV-D68/Homosapiens/USA/SSENT28/2014	2014-09-20	B1	USA	North America	2	1-5y	<18y	<18y				Das,S.R., Halpin,R.A., Lin,X., Akopov,A., Fedorova,N., Puri,V., Stockwell,T., Amedeo,P., Katzel,D., Schobel,S., Shrivastava,S. and Smole,S.	KX351825	
EV-D68/Homosapiens/USA/SSENT08/2014	2014-09-17	B1	USA	North America	12	6-17y	<18y	<18y				Das,S.R., Halpin,R.A., Lin,X., Akopov,A., Fedorova,N., Puri,V., Stockwell,T., Amedeo,P., Katzel,D., Schobel,S., Shrivastava,S. and Smole,S.	KX351811	
EV-D68/Homosapiens/USA/SSENT09/2014	2014-09-14	B1	USA	North America	7	6-17y	<18y	<18y				Das,S.R., Halpin,R.A., Lin,X., Akopov,A., Fedorova,N., Puri,V., Stockwell,T., Amedeo,P., Katzel,D., Schobel,S., Shrivastava,S. and Smole,S.	KX351816	
USA/VT/2014-19259	2014-10-01	B1	USA	North America						2019-07-15		Ng,T.F.F., Montmayeur,A., Chern,S.-W., Maher,K., Rogers,S., Castro,C., Oberste,S. and Nix,A.	KT995624	
EV-D68/Homosapiens/USA/SSENT02/2014	2014-09-12	B1	USA	North America	1	1-5y	<18y	<18y				Das,S.R., Halpin,R.A., Lin,X., Akopov,A., Fedorova,N., Puri,V., Stockwell,T., Amedeo,P., Katzel,D., Schobel,S., Shrivastava,S. and Smole,S.	KX351814	
EV-D68/Homosapiens/USA/SSENT22/2014	2014-09-19	B1	USA	North America	10	6-17y	<18y	<18y				Das,S.R., Halpin,R.A., Lin,X., Akopov,A., Fedorova,N., Puri,V., Stockwell,T., Amedeo,P., Katzel,D., Schobel,S., Shrivastava,S. and Smole,S.	KX351803	
EV-D68/Homosapiens/USA/SSENT18/2014	2014-09-18	B1	USA	North America	3	1-5y	<18y	<18y				Das,S.R., Halpin,R.A., Lin,X., Akopov,A., Fedorova,N., Puri,V., Stockwell,T., Amedeo,P., Katzel,D., Schobel,S., Shrivastava,S. and Smole,S.	KX351805	
EV-D68/Homosapiens/USA/SSENT12/2014	2014-09-17	B1	USA	North America	1	1-5y	<18y	<18y				Das,S.R., Halpin,R.A., Lin,X., Akopov,A., Fedorova,N., Puri,V., Stockwell,T., Amedeo,P., Katzel,D., Schobel,S., Shrivastava,S. and Smole,S.	KX351819	
EV-D68/Homosapiens/USA/SSENT05/2014	2014-09-15	B1	USA	North America	11	6-17y	<18y	<18y				Das,S.R., Halpin,R.A., Lin,X., Akopov,A., Fedorova,N., Puri,V., Stockwell,T., Amedeo,P., Katzel,D., Schobel,S., Shrivastava,S. and Smole,S.	KX351824	
EV-D68/Homosapiens/USA/SSENT35/2014	2014-09-21	B1	USA	North America	8	6-17y	<18y	<18y				Das,S.R., Halpin,R.A., Lin,X., Akopov,A., Fedorova,N., Puri,V., Stockwell,T., Amedeo,P., Katzel,D., Schobel,S., Shrivastava,S. and Smole,S.	KX351817	
USA/MA/2014-19232	2014-09-16	B1	USA	North America						2019-07-15		Ng,T.F.F., Montmayeur,A., Chern,S.-W., Maher,K., Rogers,S., Castro,C., Oberste,S. and Nix,A.	KT995596	
USA/CO/2014-19189	2014-09-03	B1	USA	North America						2019-07-15		Ng,T.F.F., Montmayeur,A., Chern,S.-W., Maher,K., Rogers,S., Castro,C., Oberste,S. and Nix,A.	KT995540	
EVD68/Homosapiens/USA/MO10/2014	2014-09-30 (2014-07-26 - 2014-12-15)	B1	USA	North America			<18y	<18y		2019-07-15		Das,S.R., Halpin,R.A., Lin,X., Simenauer,A., Akopov,A., Fedorova,N., Puri,V., Stockwell,T., Amedeo,P., Bishop,B., Katzel,D., Schobel,S., Shrivastava,S., Schuster,J. and Selvarangan,R.	KT347257	
USA/CA/2014-RGDS-1033	2014-09-30 (2014-09-05 - 2014-09-30)	B1	USA	North America						2019-07-15		Pan,C.-Y., Huynh,T., Padilla,T., Ng,T.F.F., Castro,C.J., Marine,R.L., Nix,W.A. and Wadford,D.A.	MK681498	
USA/AR/2014-19227	2014-09-14	B1	USA	North America						2019-07-15		Ng,T.F.F., Montmayeur,A., Chern,S.-W., Maher,K., Rogers,S., Castro,C., Oberste,S. and Nix,A.	KT995591	
EV-D68/Homosapiens/USA/SSENT17/2014	2014-09-17	B1	USA	North America	14	6-17y	<18y	<18y				Das,S.R., Halpin,R.A., Lin,X., Akopov,A., Fedorova,N., Puri,V., Stockwell,T., Amedeo,P., Katzel,D., Schobel,S., Shrivastava,S. and Smole,S.	KX351813	
USA/NC/2014-19254	2014-09-30	B1	USA	North America						2019-07-15		Ng,T.F.F., Montmayeur,A., Chern,S.-W., Maher,K., Rogers,S., Castro,C., Oberste,S. and Nix,A.	KT995619	
EVD68/Homosapiens/USA/MO26/2014	2014-09-26 (2014-07-21 - 2014-12-24)	B1	USA	North America			<18y	<18y		2019-07-15		Das,S.R., Halpin,R.A., Lin,X., Simenauer,A., Akopov,A., Fedorova,N., Puri,V., Stockwell,T., Amedeo,P., Bishop,B., Katzel,D., Schobel,S., Shrivastava,S., Schuster,J. and Selvarangan,R.	KT347227	
NY278	2014-09-19	B1	USA	North America	12	6-17y	<18y	<18y		2019-07-15		Huang,W., Wang,G., Zhuge,J., Nolan,S.M., Dimitrova,N. and Fallon,J.T.	KP745760	
EVD68/Homosapiens/USA/MO40/2014	2014-11-08 (2014-09-10 - 2014-12-31)	B1	USA	North America			<18y	<18y		2019-07-15		Das,S.R., Halpin,R.A., Lin,X., Simenauer,A., Akopov,A., Fedorova,N., Puri,V., Stockwell,T., Amedeo,P., Bishop,B., Katzel,D., Schobel,S., Shrivastava,S., Schuster,J. and Selvarangan,R.	KT347231	
EV-D68/Haiti/1/2014	2014-12-01	B1	Haiti	North America						2019-07-15		Lednicky,J.A., Okech,B.A., Morris,J.G. Jr., Beau De Rochars,V.M., Elbadry,M.A., White,S.K. and Loeb,J.C.	KT266905	
NY153	2014-10-02	B1	USA	North America	4	1-5y	<18y	<18y		2019-07-15		Huang,W., Wang,G., Zhuge,J., Nolan,S.M., Dimitrova,N. and Fallon,J.T.	KP745755	
USA/OR/2014-19073	2014-09-14	B1	USA	North America						2019-07-15		Ng,T.F.F., Montmayeur,A., Chern,S.-W., Maher,K., Rogers,S., Castro,C., Oberste,S. and Nix,A.	KT995595	
USA/CA/2014-RGDS-1035	2014-10-31 (2014-10-06 - 2014-10-31)	B1	USA	North America						2019-07-15		Pan,C.-Y., Huynh,T., Padilla,T., Ng,T.F.F., Castro,C.J., Marine,R.L., Nix,W.A. and Wadford,D.A.	MK681500	
USA/LA/2014-19191	2014-09-11	B1	USA	North America						2019-07-15		Ng,T.F.F., Montmayeur,A., Chern,S.-W., Maher,K., Rogers,S., Castro,C., Oberste,S. and Nix,A.	KT995556	
USA/MI/2014-19251	2014-09-15	B1	USA	North America						2019-07-15		Ng,T.F.F., Montmayeur,A., Chern,S.-W., Maher,K., Rogers,S., Castro,C., Oberste,S. and Nix,A.	KT995616	
USA/VT/2014-19245	2014-09-18	B1	USA	North America						2019-07-15		Ng,T.F.F., Montmayeur,A., Chern,S.-W., Maher,K., Rogers,S., Castro,C., Oberste,S. and Nix,A.	KT995609	
USA/ND/2014-19205	2014-09-12	B1	USA	North America						2019-07-15		Ng,T.F.F., Montmayeur,A., Chern,S.-W., Maher,K., Rogers,S., Castro,C., Oberste,S. and Nix,A.	KT995571	
USA/OK/2014-19170	2014-08-17	B1	USA	North America						2019-07-15		Ng,T.F.F., Montmayeur,A., Chern,S.-W., Maher,K., Rogers,S., Castro,C., Oberste,S. and Nix,A.	KT995536	
EV-D68/Homosapiens/USA/SSENT25/2014	2014-09-17	B1	USA	North America	2	1-5y	<18y	<18y				Das,S.R., Halpin,R.A., Lin,X., Akopov,A., Fedorova,N., Puri,V., Stockwell,T., Amedeo,P., Katzel,D., Schobel,S., Shrivastava,S. and Smole,S.	KX351808	
USA/TX/2014-19261	2014-09-30	B1	USA	North America						2019-07-15		Ng,T.F.F., Montmayeur,A., Chern,S.-W., Maher,K., Rogers,S., Castro,C., Oberste,S. and Nix,A.	KT995626	
USA/SC/2014-19239	2014-09-12	B1	USA	North America						2019-07-15		Ng,T.F.F., Montmayeur,A., Chern,S.-W., Maher,K., Rogers,S., Castro,C., Oberste,S. and Nix,A.	KT995603	
USA/CT/2014-19202	2014-09-14	B1	USA	North America						2019-07-15		Ng,T.F.F., Montmayeur,A., Chern,S.-W., Maher,K., Rogers,S., Castro,C., Oberste,S. and Nix,A.	KT995568	
NY326	2014-09-25	B1	USA	North America	9	6-17y	<18y	<18y		2019-07-15		Huang,W., Wang,G., Zhuge,J., Nolan,S.M., Dimitrova,N. and Fallon,J.T.	KP745765	
USA/OR/2014-19268	2014-11-15	B1	USA	North America						2019-07-15		Ng,T.F.F., Montmayeur,A., Chern,S.-W., Maher,K., Rogers,S., Castro,C., Oberste,S. and Nix,A.	KU669040	
USA/AL/2014-19061	2014-09-17	B1	USA	North America						2019-07-15		Ng,T.F.F., Montmayeur,A., Chern,S.-W., Maher,K., Rogers,S., Castro,C., Oberste,S. and Nix,A.	KU669047	
USA/VA/2014-19255	2014-09-18	B1	USA	North America						2019-07-15		Ng,T.F.F., Montmayeur,A., Chern,S.-W., Maher,K., Rogers,S., Castro,C., Oberste,S. and Nix,A.	KT995620	
USA/WY/2014-19253	2014-09-24	B1	USA	North America						2019-07-15		Ng,T.F.F., Montmayeur,A., Chern,S.-W., Maher,K., Rogers,S., Castro,C., Oberste,S. and Nix,A.	KT995618	
EVD68/Homosapiens/USA/MO18/2014	2014-11-08 (2014-09-06 - 2014-12-31)	B1	USA	North America			<18y	<18y		2019-07-15		Das,S.R., Halpin,R.A., Lin,X., Simenauer,A., Akopov,A., Fedorova,N., Puri,V., Stockwell,T., Amedeo,P., Bishop,B., Katzel,D., Schobel,S., Shrivastava,S., Schuster,J. and Selvarangan,R.	KT347241	
USA/MS/2014-19243	2014-09-20	B1	USA	North America						2019-07-15		Ng,T.F.F., Montmayeur,A., Chern,S.-W., Maher,K., Rogers,S., Castro,C., Oberste,S. and Nix,A.	KT995607	
USA/NC/2014-19229	2014-09-10	B1	USA	North America						2019-07-15		Ng,T.F.F., Montmayeur,A., Chern,S.-W., Maher,K., Rogers,S., Castro,C., Oberste,S. and Nix,A.	KT995593	
USA/WV/2014-19242	2014-09-16	B1	USA	North America						2019-07-15		Ng,T.F.F., Montmayeur,A., Chern,S.-W., Maher,K., Rogers,S., Castro,C., Oberste,S. and Nix,A.	KT995606	
NY305	2014-09-22	B1	USA	North America	5	1-5y	<18y	<18y		2019-07-15		Huang,W., Wang,G., Zhuge,J., Nolan,S.M., Dimitrova,N. and Fallon,J.T.	KP745761	
USA/DE/2014-19197	2014-09-09	B1	USA	North America						2019-07-15		Ng,T.F.F., Montmayeur,A., Chern,S.-W., Maher,K., Rogers,S., Castro,C., Oberste,S. and Nix,A.	KT995563	
US/CA/14-6092	2014-09-01 (2014-09-01 - 2014-09-29)	B1	USA	North America			<18y	<18y		2019-07-15	AFM	Greninger,A.L., Naccache,S.N., Yu,G., Somasekar,S., Yagi,S., Clayton,A., Glaser,C., Aldrovandi,G. and Chiu,C.Y.	KP100792	
USA/CT/2014-19230	2014-09-16	B1	USA	North America						2019-07-15		Ng,T.F.F., Montmayeur,A., Chern,S.-W., Maher,K., Rogers,S., Castro,C., Oberste,S. and Nix,A.	KT995594	
NY309	2014-09-23	B1	USA	North America	0.9	<1y	<18y	<18y		2019-07-15		Huang,W., Wang,G., Zhuge,J., Nolan,S.M., Dimitrova,N. and Fallon,J.T.	KP745762	
EVD68/Homosapiens/USA/MO42/2014	2014-10-05 (2014-07-20 - 2014-12-31)	B1	USA	North America			<18y	<18y		2019-07-15		Das,S.R., Halpin,R.A., Lin,X., Simenauer,A., Akopov,A., Fedorova,N., Puri,V., Stockwell,T., Amedeo,P., Bishop,B., Katzel,D., Schobel,S., Shrivastava,S., Schuster,J. and Selvarangan,R.	KT347273	
EVD68/Homosapiens/USA/MO32/2014	2014-08-04 (2014-05-28 - 2014-11-09)	B1	USA	North America			<18y	<18y		2019-07-15		Das,S.R., Halpin,R.A., Lin,X., Simenauer,A., Akopov,A., Fedorova,N., Puri,V., Stockwell,T., Amedeo,P., Bishop,B., Katzel,D., Schobel,S., Shrivastava,S., Schuster,J. and Selvarangan,R.	KT347238	
USA/NC/2014-19064	2014-09-09	B1	USA	North America						2019-07-15		Ng,T.F.F., Montmayeur,A., Chern,S.-W., Maher,K., Rogers,S., Castro,C., Oberste,S. and Nix,A.	KT995553	
USA/MO/2014-19174	2014-08-15	B1	USA	North America						2019-07-15		Ng,T.F.F., Montmayeur,A., Chern,S.-W., Maher,K., Rogers,S., Castro,C., Oberste,S. and Nix,A.	KT995530	
NY316	2014-09-24	B1	USA	North America	3	1-5y	<18y	<18y		2019-07-15		Huang,W., Wang,G., Zhuge,J., Nolan,S.M., Dimitrova,N. and Fallon,J.T.	KP745764	
EV-D68/environment/Gainesville/1/2015	2015-09-08	B1	USA	North America						2019-07-15		Lednicky,J.A., Bonny,T.S., Morris,J.G. and Loeb,J.C.	KU509997	
NY328	2014-09-26	B1	USA	North America	0.5	<1y	<18y	<18y		2019-07-15		Huang,W., Wang,G., Zhuge,J., Nolan,S.M., Dimitrova,N. and Fallon,J.T.	KP745766	
USA/DC/2014-19264	2014-09-09	B1	USA	North America						2019-07-15		Ng,T.F.F., Montmayeur,A., Chern,S.-W., Maher,K., Rogers,S., Castro,C., Oberste,S. and Nix,A.	KT995629	
USA/MS/2014-19052	2014-09-08	B1	USA	North America						2019-07-15		Ng,T.F.F., Montmayeur,A., Chern,S.-W., Maher,K., Rogers,S., Castro,C., Oberste,S. and Nix,A.	KT995549	
EV-D68/Homosapiens/USA/C7787/2014	2014-08-05	B1	USA	North America	13	6-17y	<18y	<18y		2019-07-15		Das,S.R., Halpin,R.A., Akopov,A., Fedorova,N., Puri,V., Stockwell,T., Amedeo,P., Bishop,B., Katzel,D., Schobel,S., Shrivastava,S., Jackson,D.J. and Gern,J.E.	KX255382	
EV-D68/Homosapiens/USA/SSENT31/2014	2014-09-22	B1	USA	North America	18	18-64y	18-64y	>=18y				Das,S.R., Halpin,R.A., Lin,X., Akopov,A., Fedorova,N., Puri,V., Stockwell,T., Amedeo,P., Katzel,D., Schobel,S., Shrivastava,S. and Smole,S.	KX351800	
US/CA/14-6100	2014-10-04 (2014-10-01 - 2014-10-31)	B1	USA	North America			<18y	<18y		2019-07-15	AFM	Greninger,A.L., Naccache,S.N., Clayton,A., Yu,G., Somasekar,S., Yagi,S., Glaser,C., Aldrovandi,G. and Chiu,C.Y.	KP100796	
US/CA/14-6103SIB	2014-10-04 (2014-10-01 - 2014-10-31)	B1	USA	North America						2019-07-15		Greninger,A.L., Naccache,S.N., Clayton,A., Yu,G., Somaseka,S., Yagi,S., Glaser,C., Aldrovandi,G. and Chiu,C.Y.	KP100795	
CAN14-453	2014-12-31 (2014-12-04 - 2014-12-31)	B1	Canada	North America						2019-07-15		McDermid,A.K., Grudeski,E., Wilcox,M., Mandes,R. and Booth,T.F.	KP455271	
USA/CA/2014-RGDS-1038	2014-10-16 (2014-10-01 - 2014-10-31)	B1	USA	North America						2019-07-15		Pan,C.-Y., Huynh,T., Padilla,T., Ng,T.F.F., Castro,C.J., Marine,R.L., Nix,W.A. and Wadford,D.A.	MK681503	
USA/CA/2014-RGDS-1036	2014-10-02 (2014-10-01 - 2014-10-31)	B1	USA	North America						2019-07-15		Pan,C.-Y., Huynh,T., Padilla,T., Ng,T.F.F., Castro,C.J., Marine,R.L., Nix,W.A. and Wadford,D.A.	MK681501	
USA/CA/2014-RGDS-1029	2014-09-30 (2014-09-06 - 2014-09-30)	B1	USA	North America						2019-07-15		Pan,C.-Y., Huynh,T., Padilla,T., Ng,T.F.F., Castro,C.J., Marine,R.L., Nix,W.A. and Wadford,D.A.	MK681494	
USA/CA/2014-RGDS-1030	2014-10-01 (2014-10-01 - 2014-10-27)	B1	USA	North America						2019-07-15		Pan,C.-Y., Huynh,T., Padilla,T., Ng,T.F.F., Castro,C.J., Marine,R.L., Nix,W.A. and Wadford,D.A.	MK681495	
USA/NJ/2014-19212	2014-09-12	B1	USA	North America						2019-07-15		Ng,T.F.F., Montmayeur,A., Chern,S.-W., Maher,K., Rogers,S., Castro,C., Oberste,S. and Nix,A.	KT995579	
USA/TX/2014-19083	2014-08-01	B1	USA	North America						2019-07-15		Ng,T.F.F., Montmayeur,A., Chern,S.-W., Maher,K., Rogers,S., Castro,C., Oberste,S. and Nix,A.	KU669044	
EVD68/Homosapiens/USA/MO3/2014	2014-10-09 (2014-08-12 - 2014-12-14)	B1	USA	North America			<18y	<18y		2019-07-15		Das,S.R., Halpin,R.A., Lin,X., Simenauer,A., Akopov,A., Fedorova,N., Puri,V., Stockwell,T., Amedeo,P., Bishop,B., Katzel,D., Schobel,S., Shrivastava,S., Schuster,J. and Selvarangan,R.	KT347244	
USA/CA/2014-RGDS-1034	2014-10-31 (2014-10-05 - 2014-10-31)	B1	USA	North America						2019-07-15		Pan,C.-Y., Huynh,T., Padilla,T., Ng,T.F.F., Castro,C.J., Marine,R.L., Nix,W.A. and Wadford,D.A.	MK681499	
USA/WI/2014-19217	2014-09-09	B1	USA	North America						2019-07-15		Ng,T.F.F., Montmayeur,A., Chern,S.-W., Maher,K., Rogers,S., Castro,C., Oberste,S. and Nix,A.	KT995558	
USA/WA/2014-19060	2014-09-14	B1	USA	North America						2019-07-15		Ng,T.F.F., Montmayeur,A., Chern,S.-W., Maher,K., Rogers,S., Castro,C., Oberste,S. and Nix,A.	KT995578	
USA/WA/2014-19210	2014-09-09	B1	USA	North America						2019-07-15		Ng,T.F.F., Montmayeur,A., Chern,S.-W., Maher,K., Rogers,S., Castro,C., Oberste,S. and Nix,A.	KT995577	
USA/CA/2014-RGDS-1024	2014-09-30 (2014-09-05 - 2014-09-30)	B1	USA	North America						2019-07-15		Pan,C.-Y., Huynh,T., Padilla,T., Ng,T.F.F., Castro,C.J., Marine,R.L., Nix,W.A. and Wadford,D.A.	MK681489	
USA/CA/2014-RGDS-1031	2014-10-26 (2014-10-01 - 2014-10-31)	B1	USA	North America						2019-07-15		Pan,C.-Y., Huynh,T., Padilla,T., Ng,T.F.F., Castro,C.J., Marine,R.L., Nix,W.A. and Wadford,D.A.	MK681496	
EVD68/Homosapiens/USA/MO49/2014	2014-12-09 (2014-10-09 - 2014-12-31)	B1	USA	North America			<18y	<18y		2019-07-15		Das,S.R., Halpin,R.A., Lin,X., Simenauer,A., Akopov,A., Fedorova,N., Puri,V., Stockwell,T., Amedeo,P., Bishop,B., Katzel,D., Schobel,S., Shrivastava,S., Schuster,J. and Selvarangan,R.	KT347240	
EVD68/Homosapiens/USA/MO6/2014	2014-12-31 (2014-10-27 - 2014-12-31)	B1	USA	North America			<18y	<18y		2019-07-15		Das,S.R., Halpin,R.A., Lin,X., Simenauer,A., Akopov,A., Fedorova,N., Puri,V., Stockwell,T., Amedeo,P., Bishop,B., Katzel,D., Schobel,S., Shrivastava,S., Schuster,J. and Selvarangan,R.	KT347239	
USA/CA/2014-RGDS-1028	2014-10-01 (2014-10-01 - 2014-10-26)	B1	USA	North America						2019-07-15		Pan,C.-Y., Huynh,T., Padilla,T., Ng,T.F.F., Castro,C.J., Marine,R.L., Nix,W.A. and Wadford,D.A.	MK681493	
CAN14-534	2014-07-19 (2014-06-22 - 2014-08-26)	B1	Canada	North America						2019-07-15		McDermid,A.K., Grudeski,E., Wilcox,M., Mandes,R. and Booth,T.F.	KP455272	
USA/SD/2014-19193	2014-09-08	B1	USA	North America						2019-07-15		Ng,T.F.F., Montmayeur,A., Chern,S.-W., Maher,K., Rogers,S., Castro,C., Oberste,S. and Nix,A.	KT995559	
USA/SD/2014-19194	2014-09-05	B1	USA	North America						2019-07-15		Ng,T.F.F., Montmayeur,A., Chern,S.-W., Maher,K., Rogers,S., Castro,C., Oberste,S. and Nix,A.	KT995560	
USA/WA/2014-19184	2014-09-10	B1	USA	North America						2019-07-15		Ng,T.F.F., Montmayeur,A., Chern,S.-W., Maher,K., Rogers,S., Castro,C., Oberste,S. and Nix,A.	KT995551	
USA/SD/2014-19207	2014-09-13	B1	USA	North America						2019-07-15		Ng,T.F.F., Montmayeur,A., Chern,S.-W., Maher,K., Rogers,S., Castro,C., Oberste,S. and Nix,A.	KT995573	
USA/SD/2014-19249	2014-09-23	B1	USA	North America						2019-07-15		Ng,T.F.F., Montmayeur,A., Chern,S.-W., Maher,K., Rogers,S., Castro,C., Oberste,S. and Nix,A.	KT995614	
EV-D68/Homosapiens/USA/C7788/2014	2014-09-22	B1	USA	North America	16	6-17y	<18y	<18y		2019-07-15		Das,S.R., Halpin,R.A., Akopov,A., Fedorova,N., Puri,V., Stockwell,T., Amedeo,P., Bishop,B., Katzel,D., Schobel,S., Shrivastava,S., Jackson,D.J. and Gern,J.E.	KX255413	
EV-D68/Homosapiens/USA/C7789/2014	2014-09-24	B1	USA	North America	16	6-17y	<18y	<18y		2019-07-15		Das,S.R., Halpin,R.A., Akopov,A., Fedorova,N., Puri,V., Stockwell,T., Amedeo,P., Bishop,B., Katzel,D., Schobel,S., Shrivastava,S., Jackson,D.J. and Gern,J.E.	KX255395	
US/MO/14-18949	2014-08-31 (2014-08-07 - 2014-08-31)	B1	USA	North America						2019-07-15		Brown,B.A., Nix,W.A., Sheth,M., Frace,M. and Oberste,M.S.	KM851227	
US/MO/14-18950	2014-08-15 (2014-08-01 - 2014-08-31)	B1	USA	North America						2019-07-15		Brown,B.A., Nix,W.A., Sheth,M., Frace,M. and Oberste,M.S.	KM851228	
NYS14_31590	2014-12-31 (2014-10-27 - 2014-12-31)	B1	USA	North America						2019-07-15		Lamson,D.M., Fagan,S. and St. George,K.	KT455428	
EV-D68/Homosapiens/USA/SSENT36/2014	2014-09-28	B1	USA	North America	1	1-5y	<18y	<18y				Das,S.R., Halpin,R.A., Lin,X., Akopov,A., Fedorova,N., Puri,V., Stockwell,T., Amedeo,P., Katzel,D., Schobel,S., Shrivastava,S. and Smole,S.	KX351806	
NYS14_32368	2014-09-17 (2014-08-01 - 2014-11-23)	B1	USA	North America						2019-07-15		Lamson,D.M., Fagan,S. and St. George,K.	KT455430	
NYS14-27898	2014-08-16 (2014-06-24 - 2014-11-15)	B1	USA	North America						2019-07-15		Lamson,D.M., Fagan,S. and St. George,K.	KT455421	
EVD68/Homosapiens/USA/MO25/2014	2014-09-21 (2014-08-21 - 2014-12-16)	B1	USA	North America			<18y	<18y		2019-07-15		Das,S.R., Halpin,R.A., Lin,X., Simenauer,A., Akopov,A., Fedorova,N., Puri,V., Stockwell,T., Amedeo,P., Bishop,B., Katzel,D., Schobel,S., Shrivastava,S., Schuster,J. and Selvarangan,R.	KT347225	
EVD68/Homosapiens/USA/MO50/2014	2014-09-21 (2014-08-21 - 2014-12-16)	B1	USA	North America			<18y	<18y		2019-07-15		Das,S.R., Halpin,R.A., Lin,X., Simenauer,A., Akopov,A., Fedorova,N., Puri,V., Stockwell,T., Amedeo,P., Bishop,B., Katzel,D., Schobel,S., Shrivastava,S., Schuster,J. and Selvarangan,R.	KT347268	
EVD68/Homosapiens/USA/MO30/2014	2014-10-26 (2014-09-09 - 2014-12-24)	B1	USA	North America			<18y	<18y		2019-07-15		Das,S.R., Halpin,R.A., Lin,X., Simenauer,A., Akopov,A., Fedorova,N., Puri,V., Stockwell,T., Amedeo,P., Bishop,B., Katzel,D., Schobel,S., Shrivastava,S., Schuster,J. and Selvarangan,R.	KT347237	
EVD68/Homosapiens/USA/MO53/2014	2014-09-29 (2014-08-26 - 2014-11-17)	B1	USA	North America			<18y	<18y		2019-07-15		Das,S.R., Halpin,R.A., Lin,X., Simenauer,A., Akopov,A., Fedorova,N., Puri,V., Stockwell,T., Amedeo,P., Bishop,B., Katzel,D., Schobel,S., Shrivastava,S., Schuster,J. and Selvarangan,R.	KT347226	
EVD68/Homosapiens/USA/MO44/2014	2014-09-13 (2014-08-09 - 2014-10-11)	B1	USA	North America			<18y	<18y		2019-07-15		Das,S.R., Halpin,R.A., Lin,X., Simenauer,A., Akopov,A., Fedorova,N., Puri,V., Stockwell,T., Amedeo,P., Bishop,B., Katzel,D., Schobel,S., Shrivastava,S., Schuster,J. and Selvarangan,R.	KT347272	
EVD68/Homosapiens/USA/MO37/2014	2014-10-11 (2014-09-04 - 2014-12-03)	B1	USA	North America			<18y	<18y		2019-07-15		Das,S.R., Halpin,R.A., Lin,X., Simenauer,A., Akopov,A., Fedorova,N., Puri,V., Stockwell,T., Amedeo,P., Bishop,B., Katzel,D., Schobel,S., Shrivastava,S., Schuster,J. and Selvarangan,R.	KT347250	
EVD68/Homosapiens/USA/MO23/2014	2014-11-17 (2014-10-12 - 2014-12-31)	B1	USA	North America			<18y	<18y		2019-07-15		Das,S.R., Halpin,R.A., Lin,X., Simenauer,A., Akopov,A., Fedorova,N., Puri,V., Stockwell,T., Amedeo,P., Bishop,B., Katzel,D., Schobel,S., Shrivastava,S., Schuster,J. and Selvarangan,R.	KT347255	
EVD68/Homosapiens/USA/MO5/2014	2014-09-29 (2014-08-26 - 2014-11-17)	B1	USA	North America			<18y	<18y		2019-07-15		Das,S.R., Halpin,R.A., Lin,X., Simenauer,A., Akopov,A., Fedorova,N., Puri,V., Stockwell,T., Amedeo,P., Bishop,B., Katzel,D., Schobel,S., Shrivastava,S., Schuster,J. and Selvarangan,R.	KT347242	
NYS14_30905	2014-11-07 (2014-09-04 - 2014-12-31)	B1	USA	North America						2019-07-15		Lamson,D.M., Fagan,S. and St. George,K.	KT455425	
NYS14_30917	2014-12-31 (2014-10-11 - 2014-12-31)	B1	USA	North America						2019-07-15		Lamson,D.M., Fagan,S. and St. George,K.	KT455426	
USA/CT/2014-19180	2014-09-09	B1	USA	North America						2019-07-15		Ng,T.F.F., Montmayeur,A., Chern,S.-W., Maher,K., Rogers,S., Castro,C., Oberste,S. and Nix,A.	KT995543	
EVD68/Homosapiens/USA/MO56/2014	2014-12-16 (2014-10-08 - 2014-12-31)	B1	USA	North America			<18y	<18y		2019-07-15		Das,S.R., Halpin,R.A., Lin,X., Simenauer,A., Akopov,A., Fedorova,N., Puri,V., Stockwell,T., Amedeo,P., Bishop,B., Katzel,D., Schobel,S., Shrivastava,S., Schuster,J. and Selvarangan,R.	KT347246	
EVD68/Homosapiens/USA/MO14/2014	2014-09-05 (2014-07-14 - 2014-11-30)	B1	USA	North America			<18y	<18y		2019-07-15		Das,S.R., Halpin,R.A., Lin,X., Simenauer,A., Akopov,A., Fedorova,N., Puri,V., Stockwell,T., Amedeo,P., Bishop,B., Katzel,D., Schobel,S., Shrivastava,S., Schuster,J. and Selvarangan,R.	KT347243	
EVD68/Homosapiens/USA/MO4/2014	2014-07-13 (2014-06-04 - 2014-09-07)	B1	USA	North America			<18y	<18y		2019-07-15		Das,S.R., Halpin,R.A., Lin,X., Simenauer,A., Akopov,A., Fedorova,N., Puri,V., Stockwell,T., Amedeo,P., Bishop,B., Katzel,D., Schobel,S., Shrivastava,S., Schuster,J. and Selvarangan,R.	KT347235	
EV-D68/Homosapiens/USA/SSENT33/2014	2014-09-22	B1	USA	North America	5	1-5y	<18y	<18y				Das,S.R., Halpin,R.A., Lin,X., Akopov,A., Fedorova,N., Puri,V., Stockwell,T., Amedeo,P., Katzel,D., Schobel,S., Shrivastava,S. and Smole,S.	KX351815	
EVD68/Homosapiens/USA/MO17/2014	2014-09-19 (2014-08-13 - 2014-11-11)	B1	USA	North America			<18y	<18y		2019-07-15		Das,S.R., Halpin,R.A., Lin,X., Simenauer,A., Akopov,A., Fedorova,N., Puri,V., Stockwell,T., Amedeo,P., Bishop,B., Katzel,D., Schobel,S., Shrivastava,S., Schuster,J. and Selvarangan,R.	KT347270	
EVD68/Homosapiens/USA/MO48/2014	2014-10-23 (2014-09-17 - 2014-12-25)	B1	USA	North America			<18y	<18y		2019-07-15		Das,S.R., Halpin,R.A., Lin,X., Simenauer,A., Akopov,A., Fedorova,N., Puri,V., Stockwell,T., Amedeo,P., Bishop,B., Katzel,D., Schobel,S., Shrivastava,S., Schuster,J. and Selvarangan,R.	KT347230	
USA/RI/2014-19214	2014-09-13	B1	USA	North America						2019-07-15		Ng,T.F.F., Montmayeur,A., Chern,S.-W., Maher,K., Rogers,S., Castro,C., Oberste,S. and Nix,A.	KT995581	
EVD68/Homosapiens/USA/MO1/2014	2014-09-23 (2014-08-11 - 2014-11-09)	B1	USA	North America			<18y	<18y		2019-07-15		Das,S.R., Halpin,R.A., Lin,X., Simenauer,A., Akopov,A., Fedorova,N., Puri,V., Stockwell,T., Amedeo,P., Bishop,B., Katzel,D., Schobel,S., Shrivastava,S., Schuster,J. and Selvarangan,R.	KT347234	
EVD68/Homosapiens/USA/MO2/2014	2014-11-10 (2014-10-01 - 2014-12-31)	B1	USA	North America			<18y	<18y		2019-07-15		Das,S.R., Halpin,R.A., Lin,X., Simenauer,A., Akopov,A., Fedorova,N., Puri,V., Stockwell,T., Amedeo,P., Bishop,B., Katzel,D., Schobel,S., Shrivastava,S., Schuster,J. and Selvarangan,R.	KT347277	
EVD68/Homosapiens/USA/MO31/2014	2014-10-16 (2014-08-20 - 2014-12-21)	B1	USA	North America			<18y	<18y		2019-07-15		Das,S.R., Halpin,R.A., Lin,X., Simenauer,A., Akopov,A., Fedorova,N., Puri,V., Stockwell,T., Amedeo,P., Bishop,B., Katzel,D., Schobel,S., Shrivastava,S., Schuster,J. and Selvarangan,R.	KT347229	
EVD68/Homosapiens/USA/MO20/2014	2014-11-10 (2014-09-21 - 2014-12-31)	B1	USA	North America			<18y	<18y		2019-07-15		Das,S.R., Halpin,R.A., Lin,X., Simenauer,A., Akopov,A., Fedorova,N., Puri,V., Stockwell,T., Amedeo,P., Bishop,B., Katzel,D., Schobel,S., Shrivastava,S., Schuster,J. and Selvarangan,R.	KT347256	
EVD68/Homosapiens/USA/MO57/2014	2014-10-20 (2014-09-05 - 2014-12-19)	B1	USA	North America			<18y	<18y		2019-07-15		Das,S.R., Halpin,R.A., Lin,X., Simenauer,A., Akopov,A., Fedorova,N., Puri,V., Stockwell,T., Amedeo,P., Bishop,B., Katzel,D., Schobel,S., Shrivastava,S., Schuster,J. and Selvarangan,R.	KT347262	
USA/MO/2014-19166	2014-08-24	B1	USA	North America						2019-07-15		Ng,T.F.F., Montmayeur,A., Chern,S.-W., Maher,K., Rogers,S., Castro,C., Oberste,S. and Nix,A.	KT995531	
USA/WI/2014-19226	2014-09-11	B1	USA	North America						2019-07-15		Ng,T.F.F., Montmayeur,A., Chern,S.-W., Maher,K., Rogers,S., Castro,C., Oberste,S. and Nix,A.	KT995590	
USA/OK/2014-19247	2014-09-10	B1	USA	North America						2019-07-15		Ng,T.F.F., Montmayeur,A., Chern,S.-W., Maher,K., Rogers,S., Castro,C., Oberste,S. and Nix,A.	KT995612	
EVD68/Homosapiens/USA/MO46/2014	2014-10-07 (2014-08-24 - 2014-12-06)	B1	USA	North America			<18y	<18y		2019-07-15		Das,S.R., Halpin,R.A., Lin,X., Simenauer,A., Akopov,A., Fedorova,N., Puri,V., Stockwell,T., Amedeo,P., Bishop,B., Katzel,D., Schobel,S., Shrivastava,S., Schuster,J. and Selvarangan,R.	KT347232	
USA/KS/2014-19234	2014-09-15	B1	USA	North America						2019-07-15		Ng,T.F.F., Montmayeur,A., Chern,S.-W., Maher,K., Rogers,S., Castro,C., Oberste,S. and Nix,A.	KT995598	
NYS14_30603	2014-12-31 (2014-10-26 - 2014-12-31)	B1	USA	North America						2019-07-15		Lamson,D.M., Fagan,S. and St. George,K.	KT455423	
EV-D68/Homosapiens/USA/SSENT06/2014	2014-09-16	B1	USA	North America	4	1-5y	<18y	<18y				Das,S.R., Halpin,R.A., Lin,X., Akopov,A., Fedorova,N., Puri,V., Stockwell,T., Amedeo,P., Katzel,D., Schobel,S., Shrivastava,S. and Smole,S.	KX351802	
NYS14_30609	2014-10-10 (2014-08-22 - 2014-12-11)	B1	USA	North America						2019-07-15		Lamson,D.M., Fagan,S. and St. George,K.	KT455424	
EVD68/Homosapiens/USA/MO27/2014	2014-07-16 (2014-06-19 - 2014-08-31)	B1	USA	North America			<18y	<18y		2019-07-15		Das,S.R., Halpin,R.A., Lin,X., Simenauer,A., Akopov,A., Fedorova,N., Puri,V., Stockwell,T., Amedeo,P., Bishop,B., Katzel,D., Schobel,S., Shrivastava,S., Schuster,J. and Selvarangan,R.	KT347266	
USA/MI/2014-19198	2014-09-08	B1	USA	North America						2019-07-15		Ng,T.F.F., Montmayeur,A., Chern,S.-W., Maher,K., Rogers,S., Castro,C., Oberste,S. and Nix,A.	KT995564	
USA/CA/2014-RGDS-1039	2014-11-30 (2014-11-09 - 2014-11-30)	B1	USA	North America						2019-07-15		Pan,C.-Y., Huynh,T., Padilla,T., Ng,T.F.F., Castro,C.J., Marine,R.L., Nix,W.A. and Wadford,D.A.	MK681504	
USA/CA/2014-RGDS-1040	2014-12-01 (2014-12-01 - 2014-12-23)	B1	USA	North America						2019-07-15		Pan,C.-Y., Huynh,T., Padilla,T., Ng,T.F.F., Castro,C.J., Marine,R.L., Nix,W.A. and Wadford,D.A.	MK681505	
USA/CO/2014-19081	2014-09-12	B1	USA	North America						2019-07-15		Ng,T.F.F., Montmayeur,A., Chern,S.-W., Maher,K., Rogers,S., Castro,C., Oberste,S. and Nix,A.	KU669046	
US/CO/14-93	2014-09-12 (2014-09-01 - 2014-09-30)	B1	USA	North America			<18y	<18y		2019-07-15	AFM	Greninger,A.L., Naccache,S.N., Yu,G., Messacar,K., Dominguez,S. and Chiu,C.Y.	KP126911	
US/CO/14-94	2014-09-12 (2014-09-01 - 2014-09-30)	B1	USA	North America			<18y	<18y		2019-07-15	AFM	Greninger,A.L., Naccache,S.N., Yu,G., Messacar,K., Somasekar,S., Dominguez,S. and Chiu,C.Y.	KP100793	
CAN14-884	2014-10-29 (2014-09-09 - 2014-12-24)	B1	Canada	North America						2019-07-15		McDermid,A.K., Grudeski,E., Wilcox,M., Mandes,R. and Booth,T.F.	KP455270	
CAN14-537	2014-11-28 (2014-10-13 - 2014-12-31)	B1	Canada	North America						2019-07-15		McDermid,A.K., Grudeski,E., Wilcox,M., Mandes,R. and Booth,T.F.	KP455267	
CAN14-153	2014-09-30 (2014-08-22 - 2014-11-21)	B1	Canada	North America						2019-07-15		McDermid,A.K., Grudeski,E., Wilcox,M., Mandes,R. and Booth,T.F.	KP455269	
CAN14-636	2014-12-05 (2014-10-19 - 2014-12-31)	B1	Canada	North America						2019-07-15		McDermid,A.K., Grudeski,E., Wilcox,M., Mandes,R. and Booth,T.F.	KP455268	